역사_ID,역사명,호선,위도,경도,station_x_5179,station_y_5179,matched_CELL_ID,matched_CELL_X,matched_CELL_Y,distance_m
9010,동탄,수도권 광역급행철도,37.20034,127.09569,964120.6067664076,1911358.633122785,다사64001125,964125,1911375,16.946243570999137
9009,구성,수도권 광역급행철도,37.29913,127.10389,964894.1593914757,1922315.1893097728,다사64752225,964875,1922375,62.804465981121595
9008,성남,수도권 광역급행철도,37.39467,127.12058,966415.92188548,1932908.3697207323,다사66253275,966375,1932875,52.802831107776704
9007,수서,수도권 광역급행철도,37.48637,127.10161,964779.8043949654,1943088.693858257,다사64754300,964875,1943125,101.8839494040277
9006,삼성,수도권 광역급행철도,37.50887,127.06324,961399.2206815536,1945599.9668568312,다사61254550,961375,1945625,34.832451418599646
9005,서울,수도권 광역급행철도,37.55569,126.97296,953449.3444980255,1950835.2497425184,다사53255075,953375,1950875,84.30413605816784
9004,연신내,수도권 광역급행철도,37.61878,126.9213,948929.5760002597,1957861.65503808,다사48755775,948875,1957875,56.18387502653274
9002,대곡,수도권 광역급행철도,37.63191,126.81113,939217.6271563078,1959384.0407479084,다사39005925,939125,1959375,93.06731546796567
9001,킨텍스,수도권 광역급행철도,37.66532,126.74843,933714.9225526336,1963133.2743133702,다사33506300,933625,1963125,90.30243481703606
9000,운정,수도권 광역급행철도,37.71614,126.72841,931995.6492667164,1968786.034452644,다사31756875,931875,1968875,149.90368299537482
4929,김포공항,김포골드라인,37.56236,126.801868,938343.0194780838,1951673.7449550747,다사38255150,938375,1951625,58.299437623957246
4928,고촌,김포골드라인,37.601243,126.770345,935592.4697455917,1956008.8263354797,다사35505600,935625,1956125,120.64218905479088
4927,풍무,김포골드라인,37.612488,126.732387,932252.0212084511,1957283.1422969156,다사32255725,932375,1957375,153.49795043177218
4926,사우(김포시청),김포골드라인,37.620249,126.719731,931142.1682457733,1958153.4149863804,다사31005800,931125,1958125,33.19879687472534
4925,걸포북변,김포골드라인,37.63165,126.705975,929938.900021409,1959428.5115952515,다사29755925,929875,1959375,83.34688693908008
4924,운양,김포골드라인,37.653867,126.68393,928015.1610670369,1961910.1372715381,다사28006175,928125,1961875,115.32224003033862
4923,장기,김포골드라인,37.643986,126.669017,926689.9620054925,1960825.4071300882,다사26506075,926625,1960875,81.72829928305985
4922,마산,김포골드라인,37.640732,126.644344,924509.9546708554,1960483.9497006878,다사24506025,924625,1960375,158.44704174562543
4921,구래,김포골드라인,37.645384,126.628633,923128.6226422397,1961012.8416847747,다사23006100,923125,1961125,112.21680449454986
4920,양촌,김포골드라인,37.642379,126.614309,921861.7959966928,1960691.2761073653,다사21756050,921875,1960625,67.5786069020923
4815,원시,서해선,37.302371,126.786691,936784.3338947684,1922839.685102178,다사36752275,936875,1922875,97.30100023148896
4814,원곡,서해선,37.31321,126.796261,937641.4209378813,1924035.8211765564,다사37502400,937625,1924125,90.67805551337518
4813,초지,서해선,37.319619,126.808147,938699.8627568912,1924739.0684364433,다사38502450,938625,1924625,136.44061184990207
4812,선부,서해선,37.334353,126.809904,938867.4786149054,1926372.542791924,다사38752625,938875,1926375,7.912591564740911
4811,달미,서해선,37.348847,126.809409,938835.384787199,1927980.8538538232,다사38752775,938875,1927875,113.02390656177091
4810,시흥능곡,서해선,37.369864,126.808573,938778.4157838533,1930313.0667224878,다사38753025,938875,1930375,114.73552924914614
4809,시흥시청,서해선,37.382223,126.805625,938527.4729694406,1931686.120864022,다사38503150,938625,1931625,115.09683622294635
4808,신현,서해선,37.409008,126.788017,936991.055356559,1934669.343516411,다사36753450,936875,1934625,124.23845312032157
4807,신천,서해선,37.439066,126.786788,936907.5176642194,1938004.90451701,다사36753800,936875,1938125,124.41994824329453
4806,시흥대야,서해선,37.450145,126.793041,937469.9022072712,1939229.8833212135,다사37253900,937375,1939125,141.44589076295856
4805,소새울,서해선,37.468467,126.797252,937857.5317944,1941259.814190981,다사37754125,937875,1941375,116.5028274603325
4804,소사,서해선,37.483279,126.795023,937672.7263423724,1942904.595584,다사37504275,937625,1942875,56.15783425796281
4713,신설동,우이신설선,37.576095,127.023242,957902.0004926518,1953075.3663017184,다사57755300,957875,1953125,56.50248320693856
4712,보문,우이신설선,37.585286,127.019381,957566.2867427195,1954096.8003924326,다사57505400,957625,1954125,65.13420336078862
4711,성신여대입구(돈암),우이신설선,37.592467,127.016516,957317.4361476196,1954894.7969529803,다사57255475,957375,1954875,60.87295333870189
4710,정릉,우이신설선,37.603133,127.013396,957048.1287720796,1956079.56434289,다사57005600,957125,1956125,89.29493053367709
4709,북한산보국문,우이신설선,37.612072,127.008251,956599.1782238036,1957073.6741415763,다사56505700,956625,1957125,57.455268416974604
4708,솔샘,우이신설선,37.620238,127.013626,957078.2626474176,1957977.1866534278,다사57005775,957125,1957875,112.36766556790299
4707,삼양사거리,우이신설선,37.621337,127.020473,957683.1261826975,1958096.0071320876,다사57505800,957625,1958125,64.95567338398303
4706,삼양,우이신설선,37.626914,127.018106,957477.421034411,1958715.822750069,다사57255850,957375,1958625,136.88988355571885
4705,화계,우이신설선,37.634133,127.017511,957429.0357115032,1959517.0125030684,다사57255950,957375,1959625,120.75246420345789
4704,가오리,우이신설선,37.641537,127.016789,957369.5624952215,1960338.7863725321,다사57256025,957375,1960375,36.61957499203653
4703,4.19민주묘지,우이신설선,37.649502,127.013684,957100.2089425038,1961223.8900091639,다사57006100,957125,1961125,101.95013704852335
4702,솔밭공원,우이신설선,37.65603,127.013273,957067.7113809484,1961948.3371210722,다사57006175,957125,1961875,93.06083601600757
4701,북한산우이,우이신설선,37.662909,127.012706,957021.6640672929,1962711.799006364,다사57006250,957125,1962625,134.9532604060748
4615,탑석,의정부선,37.733579,127.088704,963758.9829561324,1970520.3141918806,다사63757050,963875,1970625,156.26603242350595
4614,송산,의정부선,37.737279,127.087159,963624.6562268559,1970931.4202924478,다사63507075,963625,1970875,56.42133975605653
4613,어룡,의정부선,37.742802,127.085035,963440.2265856414,1971545.0130214493,다사63257150,963375,1971625,103.21058188044105
4612,곤제,의정부선,37.750471,127.083715,963327.7142372447,1972396.389884844,다사63257225,963375,1972375,51.898656369792675
4611,효자,의정부선,37.754025,127.076902,962729.3086045291,1972793.3912690124,다사62507275,962625,1972875,132.43968420465157
4610,경기도청북부청사,의정부선,37.75059,127.071495,962251.2588044005,1972414.451578215,다사62257225,962375,1972375,129.87806016437025
4609,새말,의정부선,37.748885,127.06362,961556.6327321277,1972228.4906722247,다사61507200,961625,1972125,124.03387663795506
4608,동오,의정부선,37.745271,127.056947,960966.8665153633,1971830.2861592642,다사60757175,960875,1971875,102.17036849474512
4607,의정부중앙,의정부선,37.743676,127.049565,960315.6545862955,1971656.4281719578,다사60257150,960375,1971625,67.15361583989562
4606,흥선,의정부선,37.743302,127.037023,959210.4646763178,1971620.32523395,다사59007150,959125,1971625,85.59243153294038
4605,의정부시청,의정부선,37.739256,127.034781,959010.706214417,1971172.408564222,다사59007100,959125,1971125,123.73617653898731
4604,경전철의정부,의정부선,37.737202,127.043257,959756.3977172516,1970940.843617686,다사59757075,959875,1970875,135.65354202205933
4603,범골,의정부선,37.728755,127.04353,959775.8824593673,1970003.5491583243,다사59757000,959875,1970125,156.76285849915666
4602,회룡,의정부선,37.725006,127.047073,960086.0811294322,1969586.0896676716,다사60006950,960125,1969625,55.03355747342719
4601,발곡,의정부선,37.727048,127.052803,960592.1185525617,1969810.21797784,다사60506975,960625,1969875,72.64915677952388
4517,전대.에버랜드,에버라인선,37.285342,127.219561,975141.1648911728,1920748.8838756983,다사75002050,975125,1920625,124.93405606424504
4515,둔전,에버라인선,37.267051,127.21364,974610.1685914072,1918721.2748499385,다사74501850,974625,1918625,97.41056108820318
4514,보평,에버라인선,37.258965,127.218457,975034.5952200978,1917822.9440668502,다사75001775,975125,1917875,104.32087233749925
4513,고진,에버라인선,37.24484,127.214251,974656.9029739288,1916257.0577246444,다사74501625,974625,1916375,122.18093166101337
4512,운동장.송담대,에버라인선,37.237845,127.209198,974206.3674849812,1915482.4099399673,다사74001525,974125,1915375,134.75000117235624
4511,김량장,에버라인선,37.237247,127.198781,973282.1843579764,1915418.9575766388,다사73251525,973375,1915375,102.69864628223328
4510,명지대,에버라인선,37.237964,127.190294,972529.6544077549,1915500.9288081166,다사72501550,972625,1915625,156.4750542928219
4509,시청.용인대,에버라인선,37.239151,127.178406,971475.6552768489,1915636.1277175595,다사71251550,971375,1915625,101.26850870640267
4508,삼가,에버라인선,37.242115,127.168075,970560.4791594427,1915968.111166349,다사70501575,970625,1915875,113.28119069410678
4506,초당,에버라인선,37.260752,127.159443,969802.3152039436,1918038.3910211744,다사69751800,969875,1918125,113.06721359868962
4505,동백,에버라인선,37.269043,127.152716,969209.1961420977,1918960.3521682997,다사69001875,969125,1918875,119.89154673120528
4504,어정,에버라인선,37.274917,127.143714,968413.5144788926,1919614.9749646843,다사68251950,968375,1919625,39.79781925489341
4503,지석,에버라인선,37.269606,127.136515,967773.0221620967,1919028.2060915376,다사67751900,967875,1919125,140.60064060615022
4502,강남대,에버라인선,37.270161,127.126033,966843.9164336745,1919093.3990367006,다사66751900,966875,1919125,44.32616582742631
4501,기흥,에버라인선,37.275449,127.116665,966015.7190298131,1919683.3687248917,다사66001950,966125,1919625,123.8920436931964
4411,관악산(서울대),신림선,37.4691018,126.9450639,950928.7512899109,1941242.9691391136,다사50754100,950875,1941125,129.63764480379928
4410,서울대벤처타운,신림선,37.4720019,126.9339351,949946.5921671464,1941570.573004004,다사49754150,949875,1941625,89.93184246892864
4409,서원,신림선,37.4782341,126.9330365,949871.2970387465,1942262.4736781574,다사49754225,949875,1942375,112.58723297719808
4408,신림,신림선,37.4849266,126.9296159,949573.3562658447,1943006.7911512335,다사49504300,949625,1943125,128.99770232144684
4407,당곡,신림선,37.4902998,126.9275133,949391.0926084517,1943604.042957743,다사49254350,949375,1943625,26.422900426432232
4406,보라매병원,신림선,37.4929598,126.9234964,949037.7952790842,1943901.3210119982,다사49004375,949125,1943875,91.09038929879728
4405,보라매공원,신림선,37.4955691,126.9180827,948561.0162796407,1944193.7520366306,다사48504400,948625,1944125,93.91889592555447
4404,보라매,신림선,37.5002739,126.9204355,948772.2096774853,1944714.4385671658,다사48754450,948875,1944625,136.2538355399289
4403,서울지방병무청,신림선,37.5060464,126.9227083,948977.0331485022,1945353.629110414,다사48754525,948875,1945375,104.24719811569364
4402,대방,신림선,37.5133059,126.9257265,949248.7095468997,1946157.3968827792,다사49004600,949125,1946125,127.88123399438726
4401,샛강,신림선,37.5170969,126.929399,949575.8195368918,1946576.0123065377,다사49504650,949625,1946625,69.41550303999439
4319,광교(경기대),신분당선(연장),37.30211,127.044483,959630.6902487149,1922669.5017832501,다사59502250,959625,1922625,44.86410193995788
4318,광교중앙(아주대),신분당선(연장),37.288617,127.051478,960243.5115499384,1921169.6284250736,다사60002100,960125,1921125,126.63602881225701
4317,상현,신분당선(연장),37.297664,127.069342,961831.5356452715,1922165.9387115743,다사61752200,961875,1922125,59.70869482182349
4316,성복,신분당선(연장),37.313335,127.0801,962792.7250612339,1923900.18752684,다사62752375,962875,1923875,86.04404138166524
4315,수지구청,신분당선(연장),37.322702,127.095026,964119.7745603038,1924933.59092463,다사64002475,964125,1924875,58.82347889244875
4314,동천,신분당선(연장),37.337928,127.102976,964831.236451062,1926619.7768991261,다사64752650,964875,1926625,44.074130716160916
4313,미금,신분당선(연장),37.349982,127.108918,965363.123657509,1927954.8568175524,다사65252775,965375,1927875,80.73511516405885
4312,정자,신분당선,37.367098,127.108403,965325.3867941799,1929853.906338121,다사65252975,965375,1929875,53.91115620361221
4311,판교,신분당선,37.394761,127.112217,965675.7157155054,1932921.4752395307,다사65503275,965625,1932875,68.78976441782258
4310,청계산입구,신분당선,37.447211,127.055664,960697.372199433,1938762.4608433226,다사60503875,960625,1938875,133.80133421025337
4309,양재시민의숲(매헌),신분당선,37.470023,127.03842,959184.4892139066,1941300.620170291,다사59004125,959125,1941375,95.2435070687516
4308,양재(서초구청),신분당선,37.483809,127.034653,958858.9461402613,1942831.7218618845,다사58754275,958875,1942875,46.15976225305853
4307,강남,신분당선,37.496837,127.028104,958287.1949408116,1944279.9749193105,다사58254425,958375,1944375,129.38119793507965
4306,신논현,신분당선(연장2),37.504598,127.02506,958022.4669113926,1945142.3619778487,다사58004500,958125,1945125,103.99265615505755
4305,논현,신분당선(연장2),37.511093,127.021415,957703.9667604921,1945864.5741141727,다사57504575,957625,1945875,79.65204553490912
4304,신사,신분당선(연장2),37.516334,127.020114,957591.9529290139,1946446.6167941552,다사57504625,957625,1946375,78.87378592303054
4217,영종,공항철도1호선,37.51202,126.524254,913766.4776512219,1946307.0004405277,다사13754625,913875,1946375,128.06654626693972
4215,인천공항2터미널,공항철도1호선,37.460699,126.441442,906383.563695551,1940692.1979785499,다사06254050,906375,1940625,67.74145852193608
4213,인천공항1터미널,공항철도1호선,37.447464,126.452508,907345.9170317784,1939212.8778224955,다사07253900,907375,1939125,92.56527819402011
4212,공항화물청사,공항철도1호선,37.459041,126.477516,909571.9591150141,1940473.0051306318,다사09504025,909625,1940375,111.43761084237806
4211,운서,공항철도1호선,37.492904,126.49379,911051.4114820238,1944214.493391063,다사11004400,911125,1944125,115.8634412655862
4210,청라국제도시,공항철도1호선,37.556409,126.624648,922685.0331079394,1951144.5270406455,다사22505100,922625,1951125,63.12906909843497
4209,검암,공항철도1호선,37.569098,126.674007,927057.092899241,1952512.8735279622,다사27005250,927125,1952625,131.0866891225917
4208,계양,공항철도1호선,37.571662,126.7363,932560.5473170824,1952750.8063947177,다사32505275,932625,1952875,139.92212093983508
4207,김포공항,공항철도1호선,37.561842,126.801904,938345.7720445045,1951616.2513365084,다사38255150,938375,1951625,30.509219841452364
4206,마곡나루,공항철도1호선,37.565543,126.827378,940598.5430879088,1952010.455032039,다사40505200,940625,1952125,117.5606987160129
4204,디지털미디어시티,공항철도1호선,37.576958,126.898609,946897.3555925592,1953234.2571675528,다사46755300,946875,1953125,111.52085536051378
4203,홍대입구,공항철도1호선,37.557438,126.926715,949365.917115041,1951053.089086339,다사49255100,949375,1951125,72.48226198678775
4202,공덕,공항철도1호선,37.54253,126.952024,951591.6536532864,1949385.7893435238,다사51504925,951625,1949375,35.04837760607762
4201,서울역,공항철도1호선,37.553247,126.969769,953165.9693944312,1950565.7964431162,다사53005050,953125,1950625,71.99689179235138
4138,중앙보훈병원,9호선(연장),37.529191,127.148739,968964.0541637379,1947822.8101594737,다사68754775,968875,1947875,103.22026706622673
4137,둔촌오륜,9호선(연장),37.519683,127.137989,968010.1664780525,1946771.5591991914,다사68004675,968125,1946875,154.5533468896467
4136,올림픽공원(한국체대),9호선(연장),37.516269,127.130288,967328.1611535435,1946395.444358917,다사67254625,967375,1946375,51.106255477192484
4135,한성백제,9호선(연장),37.516404,127.116503,966110.0225734484,1946415.2981009795,다사66004625,966125,1946375,42.991397379780096
4134,송파나루,9호선(연장),37.510372,127.112216,965728.4168549139,1945747.6394518558,다사65504550,965625,1945625,160.42281954814925
4133,석촌,9호선(연장),37.505208,127.10704,965268.5778892849,1945176.6251815648,다사65254500,965375,1945125,118.28281794348356
4132,석촌고분,9호선(연장),37.502558,127.097033,964382.8553922685,1944886.3653842346,다사64254475,964375,1944875,13.815901942755168
4131,삼전,9호선(연장),37.504738,127.088025,963587.718264039,1945131.6693853226,다사63504500,963625,1945125,37.87358626860272
4130,종합운동장,9호선(연장),37.511426,127.076275,962552.5344454878,1945878.2713181851,다사62504575,962625,1945875,72.53935561770803
4129,봉은사,9호선(연장),37.514219,127.060245,961137.2952371715,1946194.6376021514,다사61004600,961125,1946125,70.71469783924165
4128,삼성중앙,9호선(연장),37.513011,127.053282,960521.3107566303,1946063.5163967353,다사60504600,960625,1946125,120.5474705707081
4127,선정릉,9호선(연장),37.510297,127.043999,959699.4622048782,1945766.35052401,다사59504575,959625,1945875,131.71685005438087
4126,언주,9호선(연장),37.507287,127.033868,958802.4435328647,1945436.7971045265,다사58754525,958875,1945375,95.3064690932543
4125,신논현,9호선,37.504598,127.02506,958022.4669113926,1945142.3619778487,다사58004500,958125,1945125,103.99265615505755
4124,사평,9호선,37.504206,127.015259,957155.9769659485,1945103.289031979,다사57004500,957125,1945125,37.827748436628454
4123,고속터미널,9호선,37.50598,127.004403,956197.4954756601,1945305.1011361137,다사56004525,956125,1945375,100.70474250882887
4122,신반포,9호선,37.503415,126.995925,955446.6524525267,1945024.5102072475,다사55254500,955375,1945125,123.41909252844503
4121,구반포,9호선,37.501364,126.987332,954685.9037727229,1944801.067209046,다사54504475,954625,1944875,95.78792778904437
4120,동작(현충원),9호선,37.502878,126.978153,953875.5087852208,1944973.4954023126,다사53754475,953875,1944875,98.49671638751596
4119,흑석(중앙대입구),9호선,37.50877,126.963708,952602.4742572086,1945634.3553093467,다사52504550,952625,1945625,24.391205408400744
4118,노들,9호선,37.512887,126.953222,951678.367787274,1946096.4460098196,다사51504600,951625,1946125,60.526449373297254
4117,노량진,9호선,37.513534,126.941005,950599.105209775,1946174.571490319,다사50504600,950625,1946125,55.92738875756328
4116,샛강,9호선,37.517274,126.928422,949489.6003826639,1946596.184663795,다사49254650,949375,1946625,118.16755606900458
4115,여의도,9호선,37.52176,126.92403,949104.5227178367,1947096.248692122,다사49004700,949125,1947125,35.29811311514147
4114,국회의사당,9호선,37.528105,126.917874,948564.9006464048,1947803.540705807,다사48504775,948625,1947875,93.3721748119493
4113,당산,9호선,37.533406,126.902809,947237.5194736037,1948400.0041830651,다사47004825,947125,1948375,115.26422303042555
4112,선유도,9호선,37.53802,126.893525,946420.56131476,1948917.1533542105,다사46254875,946375,1948875,62.07043316958868
4111,신목동,9호선,37.544277,126.88308,945502.3362230851,1949617.339541256,다사45504950,945625,1949625,122.90274527123822
4110,염창,9호선,37.546936,126.874916,944783.0963155637,1949917.1063947575,다사44754975,944875,1949875,101.09023539615909
4109,등촌,9호선,37.550632,126.865689,943970.7858096526,1950332.6196129306,다사43755025,943875,1950375,104.74262999833151
4108,증미,9호선,37.557402,126.861939,943644.640092875,1951085.961962669,다사43505100,943625,1951125,43.70013280072365
4107,가양,9호선,37.561391,126.854456,942986.7527503242,1951533.036899391,다사42755150,942875,1951625,144.72694662234386
4106,양천향교,9호선,37.568381,126.841333,941833.1761285178,1952316.589626374,다사41755225,941875,1952375,71.8401557131567
4105,마곡나루,9호선,37.566778,126.82731,940593.5185357222,1952147.516167377,다사40505200,940625,1952125,38.70478505844945
4104,신방화,9호선,37.567532,126.816601,939648.38403585,1952237.9933531648,다사39505200,939625,1952125,115.38765528446473
4103,공항시장,9호선,37.563726,126.810678,939122.2143697705,1951819.5535798692,다사39005175,939125,1951875,55.5163511147405
4102,김포공항,9호선,37.561916,126.802152,938367.7360754425,1951624.2986692402,다사38255150,938375,1951625,7.297702707800394
4101,개화,9호선,37.578608,126.798153,938028.3819638882,1953478.8413894202,다사38005325,938125,1953375,141.83821438111775
3763,석남(거북시장),7호선,37.5062285,126.6762813,927196.8360428378,1945535.9698707117,다사27004550,927125,1945625,114.39746925388222
3762,산곡,7호선,37.5086,126.7035277,929607.2372360248,1945778.3454074413,다사29504575,929625,1945875,98.27322141221678
3761,부평구청,7호선(인천),37.50848,126.72077,931131.0379740855,1945752.272239461,다사31004575,931125,1945875,122.8761992330381
3760,굴포천,7호선(인천),37.50681,126.73234,932152.1082561217,1945558.5879667029,다사32004550,932125,1945625,71.73155314518341
3759,삼산체육관,7호선(인천),37.50724,126.74179,932987.7223365345,1945599.5225420953,다사32754550,932875,1945625,115.56567836122495
3758,상동,7호선(인천),37.505814,126.753163,933991.6525797499,1945433.2759149512,다사33754525,933875,1945375,130.39902846922408
3757,부천시청,7호선(인천),37.50444,126.76364,934916.4709973984,1945273.539510933,다사34754525,934875,1945375,109.60873353402873
3756,신중동,7호선(인천),37.50282,126.77566,935977.4959252917,1945085.5631129884,다사35754500,935875,1945125,109.8211398527832
3755,춘의,7호선(인천),37.50365,126.78828,937093.6560251594,1945169.1365560554,다사37004500,937125,1945125,54.1339111762581
3754,부천종합운동장,7호선(인천),37.50502,126.79661,937831.060263946,1945315.595297754,다사37754525,937875,1945375,73.88923503075371
3753,까치울,7호선(인천),37.50613,126.81093,939097.6475653601,1945429.3797982135,다사39004525,939125,1945375,60.87132440214646
3227,운연(서창),인천2호선,37.440127,126.75997,934536.0218066635,1938140.9073565819,다사34503800,934625,1938125,90.38895332314429
3226,인천대공원,인천2호선,37.448769,126.752618,933893.2493635744,1939104.8185450123,다사33753900,933875,1939125,27.209013144427324
3225,남동구청,인천2호선,37.448161,126.736939,932505.8571346371,1939048.4803660507,다사32503900,932625,1939125,141.59899980797346
3224,만수,인천2호선,37.454911,126.732094,932083.4049147575,1939800.836355686,다사32003975,932125,1939875,85.03174262752444
3223,모래내시장,인천2호선,37.45583,126.719298,930952.5035317236,1939912.096138557,다사30753975,930875,1939875,85.92392522151674
3222,석천사거리,인천2호선,37.456805,126.709986,930129.8173522308,1940027.1329886236,다사30004000,930125,1940125,97.98550300053795
3221,인천시청,인천2호선,37.456833,126.701306,929362.1567154408,1940036.7127100641,다사29254000,929375,1940125,89.2165652919218
3220,석바위시장,인천2호선,37.457611,126.692575,928590.6988042534,1940129.6103908669,다사28504000,928625,1940125,34.609647984260945
3219,시민공원(문화창작지대),인천2호선,37.458335,126.681192,927584.6576310578,1940218.624144446,다사27504000,927625,1940125,101.94600117285262
3218,주안,인천2호선,37.464992,126.679098,927405.8975836156,1940958.7962298857,다사27254075,927375,1940875,89.31107891148848
3217,주안국가산단,인천2호선,37.473703,126.68113,927593.9980160134,1941923.6742254125,다사27504175,927625,1941875,57.708779493379055
3216,가재울,인천2호선,37.484192,126.683673,927828.9478927716,1943085.4260968366,다사27754300,927875,1943125,60.71976936523614
3215,인천가좌,인천2호선,37.4897,126.675208,927085.9020428385,1943703.0363153792,다사27004350,927125,1943625,87.28296954253622
3214,서부여성회관,인천2호선,37.500168,126.675795,927147.9653741467,1944863.959806269,다사27004475,927125,1944875,25.481253644892963
3213,석남(거북시장),인천2호선,37.506193,126.676203,927189.8810074697,1945532.091880243,다사27004550,927125,1945625,113.32018287604528
3212,가정중앙시장,인천2호선,37.517054,126.676672,927241.8780788617,1946736.7119707235,다사27004650,927125,1946625,161.67884747651073
3211,가정(루원시티),인천2호선,37.524649,126.675539,927149.1375413588,1947580.2239462144,다사27004750,927125,1947625,50.86763111702831
3210,서구청,인천2호선,37.543742,126.676787,927277.958535592,1949697.5551264056,다사27254950,927375,1949625,121.16638222784285
3209,아시아드경기장(공촌사거리),인천2호선,37.5517,126.677122,927315.2809275847,1950580.2084122375,다사27255050,927375,1950625,74.65021061208053
3208,검바위,인천2호선,37.561405,126.677566,927363.9216712943,1951656.60265035,다사27255150,927375,1951625,33.48816023692967
3207,검암,인천2호선,37.56866,126.675687,927205.0289661317,1952462.9759285648,다사27005225,927125,1952375,118.93022923946396
3206,독정,인천2호선,37.585212,126.675844,927235.0036328237,1954299.2500789547,다사27005425,927125,1954375,133.5621569636261
3205,완정,인천2호선,37.592928,126.673203,927009.3607268769,1955157.3687064098,다사27005500,927125,1955125,120.08403159074886
3204,마전,인천2호선,37.597566,126.666998,926466.1303426223,1955676.783819423,다사26255550,926375,1955625,104.81556802543844
3203,검단사거리,인천2호선,37.60185,126.657108,925597.3336590806,1956159.8741806261,다사25505600,925625,1956125,44.515557889511534
3202,왕길,인천2호선,37.59518,126.642696,924318.3957729866,1955431.371050748,다사24255525,924375,1955375,79.88575516464267
3201,검단오류(검단산업단지),인천2호선,37.594877,126.627178,922948.1487549539,1955410.3734322833,다사22755525,922875,1955375,81.25281572230071
3139,송도달빛축제공원,인천1호선,37.407143,126.62597,922648.0642456501,1934583.0222383144,다사22503450,922625,1934625,47.896679462583975
3138,국제업무지구,인천1호선,37.399907,126.630347,923028.0359812481,1933776.6489161057,다사23003375,923125,1933875,138.11211617989295
3137,센트럴파크,인천1호선,37.393054,126.634729,923408.9156639816,1933012.782514642,다사23253300,923375,1933125,117.23069684765095
3136,인천대입구,인천1호선,37.386007,126.639484,923822.6911389724,1932227.111153413,다사23753200,923875,1932125,114.7297023152778
3135,지식정보단지,인천1호선,37.378384,126.645168,924318.2167762562,1931376.813474186,다사24253125,924375,1931375,56.81217464029903
3134,테크노파크,인천1호선,37.382268,126.656365,925313.4044509707,1931798.7976218069,다사25253175,925375,1931875,97.98374407274112
3133,캠퍼스타운,인천1호선,37.387855,126.661673,925788.8350009294,1932414.4517098689,다사25753225,925875,1932375,94.7673175541477
3132,동막,인천1호선,37.397878,126.674005,926890.2558342598,1933516.811925469,다사26753350,926875,1933625,109.258409057128
3131,동춘,인천1호선,37.404737,126.681015,927517.3372399545,1934272.3653391227,다사27503425,927625,1934375,148.74523022271939
3130,원인재,인천1호선,37.412333,126.687869,928131.2049788703,1935109.8495956743,다사28003500,928125,1935125,16.37182072993706
3129,신연수,인천1호선,37.41804,126.693863,928667.0608101218,1935738.4553051982,다사28503550,928625,1935625,121.00090092938376
3128,선학,인천1호선,37.426684,126.698863,929117.654395916,1936693.6845882407,다사29003650,929125,1936625,69.07626626527988
3127,문학경기장,인천1호선,37.434935,126.698579,929100.309328544,1937609.2987877247,다사29003750,929125,1937625,29.26016616262962
3126,인천터미널,인천1호선,37.442383,126.699706,929207.0307076458,1938434.7650393457,다사29003825,929125,1938375,101.49333438639
3125,예술회관,인천1호선,37.449396,126.701012,929329.157068083,1939211.8382382963,다사29253900,929375,1939125,98.19599807101169
3124,인천시청,인천1호선,37.457263,126.702143,929436.5877080164,1940083.7916239342,다사29254000,929375,1940125,74.10246984207095
3123,간석오거리,인천1호선,37.467048,126.707938,929958.2415596172,1941165.0606155423,다사29754100,929875,1941125,92.37970645731113
3122,부평삼거리,인천1호선,37.477679,126.710208,930168.8719402896,1942342.8299594664,다사30004225,930125,1942375,54.402744900535154
3121,동수,인천1호선,37.485312,126.718247,930886.7001244847,1943183.7415200956,다사30754300,930875,1943125,59.89540129343541
3120,부평,인천1호선,37.490535,126.723453,931351.7401154167,1943759.3985153697,다사31254375,931375,1943875,117.91830001975042
3119,부평시장,인천1호선,37.498383,126.722244,931252.0550703316,1944630.9789248942,다사31254450,931375,1944625,123.09022412064388
3118,부평구청,인천1호선,37.508407,126.720555,931111.9687091766,1945744.3306045667,다사31004550,931125,1945625,120.04002551975545
3117,갈산,인천1호선,37.517268,126.721514,931204.8616594146,1946726.717506235,다사31004650,931125,1946625,129.3226032800178
3116,작전,인천1호선,37.530415,126.722527,931306.4385057985,1948184.5810130453,다사31254800,931375,1948125,90.8326791559548
3115,경인교대입구,인천1호선,37.538157,126.722597,931319.7241403976,1949043.473397715,다사31254900,931375,1949125,98.49876920507961
3114,계산,인천1호선,37.543238,126.728128,931813.0000111532,1949603.1646325681,다사31754950,931875,1949625,65.73265465422472
3113,임학,인천1호선,37.545059,126.738665,932745.4865788708,1949797.6075718699,다사32504975,932625,1949875,143.2012696168175
3112,박촌,인천1호선,37.553703,126.745077,933319.6172269996,1950752.0578794251,다사33255075,933375,1950875,134.8407080842503
3111,귤현,인천1호선,37.566379,126.742654,933116.9293736927,1952160.1346224602,다사33005200,933125,1952125,36.04964222311677
3110,계양,인천1호선,37.571449,126.73578,932514.4351761586,1952727.5481417219,다사32505250,932625,1952625,150.80020438214896
3109,아라(북부법원?검찰청),인천1호선,37.592259,126.713301,930548.6978440204,1955052.7358350474,다사30505500,930625,1955125,105.09104882633939
3108,신검단중앙,인천1호선,37.602676,126.698527,929254.26312204,1956219.5019121454,다사29255600,929375,1956125,153.3232046973826
3107,검단호수공원,인천1호선,37.60244,126.688566,928374.7678403063,1956200.870400586,다사28255600,928375,1956125,75.87075578372263
2828,남위례,8호선,37.4624,127.13977,968143.2295861859,1940415.8044869858,다사68004025,968125,1940375,44.69143061797996
2827,모란,8호선,37.433824,127.129837,967252.3522352951,1937248.9236100588,다사67253700,967375,1937125,174.35462516699306
2826,수진,8호선,37.437428,127.140722,968216.8558489162,1937645.0325089477,다사68003750,968125,1937625,94.01488390067837
2825,신흥,8호선,37.440918,127.147564,968823.5759683156,1938029.9349935956,다사68753800,968875,1938125,108.08231343448739
2824,단대오거리,8호선,37.44521,127.156866,969648.165562597,1938503.0619138165,다사69503850,969625,1938625,124.11905636336331
2823,남한산성입구(성남법원.검찰청),8호선,37.451535,127.159816,969911.6412268489,1939203.8251586498,다사69753900,969875,1939125,86.92516977932775
2822,산성,8호선,37.457122,127.149908,969037.6057034384,1939826.8700161425,다사69003975,969125,1939875,99.77102995168926
2821,복정,8호선,37.471052,127.126732,966994.0199587776,1941380.169284625,다사66754125,966875,1941375,119.13216228606073
2820,장지,8호선,37.478703,127.126191,966949.5515836104,1942229.1822950179,다사66754200,966875,1942125,128.1088959206346
2819,문정,8호선,37.485855,127.1225,966626.3906105586,1943023.9481113232,다사66504300,966625,1943125,101.06145656420752
2818,가락시장,8호선,37.492888,127.118398,966266.9069009672,1943805.672827445,다사66254375,966375,1943875,128.41485472086637
2817,송파,8호선,37.499703,127.112183,965720.6224676659,1944563.9963277897,다사65504450,965625,1944625,113.42444333414247
2816,석촌,8호선,37.505557,127.106832,965250.3556847475,1945215.4212237634,다사65254500,965375,1945125,153.98767168719294
2815,잠실(송파구청),8호선,37.514692,127.104338,965034.1873504961,1946229.814178069,다사65004600,965125,1946125,138.6829089476454
2814,몽촌토성(평화의문),8호선,37.517409,127.112359,965744.2714934535,1946528.297252771,다사65504650,965625,1946625,153.5483978173526
2813,강동구청,8호선,37.530341,127.120508,966470.1872803457,1947960.085535223,다사66254775,966375,1947875,127.67210597377695
2812,천호(풍납토성),8호선,37.538113,127.123254,966716.2638046882,1948821.3661947665,다사66504875,966625,1948875,105.85682363456489
2811,암사,8호선,37.55021,127.127562,967102.172947623,1950161.9406720216,다사67005000,967125,1950125,43.42450425314402
2810,암사역사공원,8호선,37.55695,127.13702,967940.4980376792,1950906.4370596225,다사67755075,967875,1950875,72.65178358126407
2809,장자호수공원,별내선,37.58738,127.13794,968034.7641359207,1954282.1670822424,다사68005425,968125,1954375,129.46220214999119
2808,구리,별내선,37.60262,127.1407,968284.9061243975,1955972.0331340767,다사68255575,968375,1955875,132.409725963876
2807,동구릉,별내선,37.61105,127.13793,968044.0065522465,1956908.2405909905,다사68005675,968125,1956875,87.54927451667152
2806,다산,별내선,37.62429,127.14973,969090.9494021035,1958373.206419831,다사69005825,969125,1958375,34.097802670094374
2805,별내,별내선,37.64232,127.1276,967146.0527933493,1960381.0768893715,다사67006025,967125,1960375,21.91229545802795
2761,부평구청,7호선,37.507394,126.721599,931203.310107159,1945631.1790220363,다사31004550,931125,1945625,78.55350531053848
2760,굴포천,7호선,37.506997,126.73128,932058.5905753145,1945580.0995860577,다사32004550,932125,1945625,80.16394987306512
2759,삼산체육관,7호선,37.506411,126.742153,933019.0648343771,1945507.2904285972,다사33004550,933125,1945625,158.35972504194743
2758,상동,7호선,37.505781,126.753083,933984.5527047946,1945429.6708438708,다사33754525,933875,1945375,122.4364990407494
2757,부천시청,7호선,37.504631,126.763538,934907.6213876226,1945294.800579758,다사34754525,934875,1945375,86.5800319796112
2756,신중동,7호선,37.503048,126.77596,936004.2071213468,1945110.6545215477,다사36004500,936125,1945125,121.64173743144542
2755,춘의,7호선,37.503663,126.787036,936983.7128318484,1945171.4111467453,다사36754500,936875,1945125,118.20522133441386
2754,부천종합운동장,7호선,37.50538,126.797337,937895.6150418307,1945355.0554203517,다사37754525,937875,1945375,28.68390153081347
2753,까치울,7호선,37.506207,126.810939,939098.5055810253,1945437.916727124,다사39004525,939125,1945375,68.26762621335561
2752,온수(성공회대입구),7호선,37.492092,126.823023,940155.2785126352,1943864.1807667832,다사40004375,940125,1943875,32.15344670166476
2751,천왕,7호선,37.486637,126.838713,941538.038402729,1943249.1196215607,다사41504300,941625,1943125,151.55197080966772
2750,광명사거리,7호선,37.479252,126.854876,942961.3520438456,1942419.882457292,다사42754225,942875,1942375,97.31963033669435
2749,철산,7호선,37.47605,126.867911,944111.4694939991,1942056.8232906503,다사44004200,944125,1942125,69.5063902846141
2748,가산디지털단지,7호선,37.480338,126.882656,945418.3365869796,1942523.901502205,다사45254250,945375,1942625,109.99530002427962
2747,남구로,7호선,37.486056,126.887249,945828.5533970485,1943155.626600025,다사45754300,945875,1943125,55.63520068109005
2746,대림(구로구청),7호선,37.493013,126.897075,946702.1919577142,1943921.8557272751,다사46504375,946625,1943875,90.29982012288474
2745,신풍,7호선,37.50008,126.90993,947843.483626002,1944698.6966403748,다사47754450,947875,1944625,80.15283296628499
2744,보라매,7호선,37.499872,126.920428,948771.2721648731,1944669.854204771,다사48754450,948875,1944625,113.01045732924896
2743,신대방삼거리,7호선,37.499701,126.928276,949464.8525586788,1944646.6398556798,다사49254450,949375,1944625,92.42167308037835
2742,장승배기,7호선,37.504898,126.93915,950429.45842292,1945217.432954239,다사50254500,950375,1945125,107.28266801432504
2741,상도,7호선,37.502834,126.94791,951202.371050978,1944983.866020771,다사51004475,951125,1944875,133.55931269642414
2740,숭실대입구(살피재),7호선,37.496029,126.953822,951720.5384404662,1944225.843350587,다사51504400,951625,1944125,138.91355212616193
2739,남성,7호선,37.484596,126.971251,953254.0638651724,1942948.6267370237,다사53254275,953375,1942875,141.58546928193746
2738,이수,7호선,37.485196,126.981605,954169.8191973726,1943010.1022945042,다사54004300,954125,1943125,123.32981464890578
2737,내방,7호선,37.487618,126.993513,955224.0325846779,1943273.077348618,다사55004325,955125,1943375,142.11150443476106
2736,고속터미널,7호선,37.503367,127.005068,956254.7461127326,1945014.895623379,다사56254500,956375,1945125,163.04591731792942
2735,반포,7호선,37.508178,127.011727,956846.0842959934,1945545.5717232663,다사56754550,956875,1945625,84.52791895631172
2734,논현,7호선,37.511093,127.021415,957703.9667604921,1945864.5741141727,다사57504575,957625,1945875,79.65204553490912
2733,학동,7호선,37.514229,127.031656,958610.7754723968,1946207.9397706056,다사58504600,958625,1946125,84.15071439775821
2732,강남구청,7호선,37.517179,127.041255,959460.6738393598,1946531.0447467552,다사59254650,959375,1946625,127.15186338763395
2731,청담,7호선,37.519365,127.05335,960530.6669410544,1946768.4249392147,다사60504675,960625,1946875,142.32698124888697
2730,뚝섬유원지,7호선,37.53154,127.066704,961716.9543339991,1948113.6485572753,다사61504800,961625,1948125,92.65233290719709
2729,건대입구,7호선,37.540786,127.071011,962102.1724469906,1949137.6935328273,다사62004900,962125,1949125,26.1193980029044
2728,어린이대공원(세종대),7호선,37.548014,127.074658,962427.9856642482,1949938.1350863208,다사62254975,962375,1949875,82.4228108023635
2727,군자(능동),7호선,37.556897,127.079338,962845.7992194915,1950921.7942055247,다사62755075,962875,1950875,55.157803192235676
2726,중곡,7호선,37.565923,127.08432,963290.256189235,1951921.2221486021,다사63255175,963375,1951875,96.52979065743406
2725,용마산,7호선,37.573647,127.086727,963506.5941864025,1952777.221518244,다사63505275,963625,1952875,153.55965677290635
2724,사가정,7호선,37.580894,127.088478,963664.7358103491,1953580.560118844,다사63505350,963625,1953625,59.61407267799331
2723,면목,7호선,37.588579,127.087503,963582.3920059369,1954433.5498559596,다사63505425,963625,1954375,72.41220056708515
2722,상봉(시외버스터미널),7호선,37.595577,127.085716,963428.049341367,1955210.6382028586,다사63255500,963375,1955125,100.73794919653957
2721,중화,7호선,37.602545,127.079264,962861.9440325769,1955986.2370555217,다사62755575,962875,1955875,112.00062859863662
2720,먹골,7호선,37.610637,127.077725,962730.1347981932,1956884.6172627192,다사62505675,962625,1956875,105.57375399853005
2719,태릉입구,7호선,37.618294,127.075397,962528.5077365946,1957735.0543396522,다사62505750,962625,1957625,146.36500460617486
2718,공릉(서울과학기술대),7호선,37.625742,127.072896,962311.5520738909,1958562.379530752,다사62255850,962375,1958625,89.14573739878186
2717,하계,7호선,37.636352,127.06799,961884.054769861,1959741.4972707839,다사61755950,961875,1959625,116.84863267205158
2716,중계,7호선,37.644583,127.064303,961562.9926717476,1960656.1989253752,다사61506050,961625,1960625,69.41384373144676
2715,노원,7호선,37.654836,127.060462,961229.4700609948,1961795.312088111,다사61006175,961125,1961875,131.39313888291278
2714,마들,7호선,37.66494,127.057675,960988.9222008476,1962917.4713125166,다사60756275,960875,1962875,121.581578509473
2713,수락산,7호선,37.67785,127.055315,960787.5735618528,1964350.778046544,다사60756425,960875,1964375,90.71981655809256
2712,도봉산,7호선,37.689241,127.046509,960017.1692013836,1965618.2954020372,다사60006550,960125,1965625,108.03903352072908
2711,장암,7호선,37.700109,127.053196,960612.4929097465,1966821.2372732041,다사60506675,960625,1966875,55.19835232265547
2649,신내,6호선,37.613174,127.102231,964894.2288622922,1957156.6394356668,다사64755700,964875,1957125,37.02435731205602
2648,봉화산(서울의료원),6호선,37.617283,127.091401,963940.3892214248,1957616.6198026089,다사63755750,963875,1957625,65.9240319372123
2647,화랑대(서울여대입구),6호선,37.620064,127.084689,963349.4054368567,1957927.759247942,다사63255775,963375,1957875,58.639746809585446
2646,태릉입구,6호선,37.617338,127.074735,962469.6049966138,1957629.2547830539,다사62255750,962375,1957625,94.70062599124887
2645,석계,6호선,37.614872,127.065595,961661.713629057,1957359.3565203876,다사61505725,961625,1957375,39.90750572164185
2644,돌곶이,6호선,37.610537,127.056431,960850.6708626503,1956882.1894310706,다사60755675,960875,1956875,25.369171119705296
2643,상월곡(한국과학기술연구원),6호선,37.606377,127.048491,960147.6644353248,1956423.9965661427,다사60005625,960125,1956375,53.984628574858064
2642,월곡(동덕여대),6호선,37.601948,127.041518,959529.7914929454,1955935.6014841523,다사59505575,959625,1955875,112.85920297885433
2641,고려대(종암),6호선,37.590508,127.036296,959062.5759523879,1954668.6496893894,다사59005450,959125,1954625,76.17123541121427
2640,안암(고대병원앞),6호선,37.586272,127.029005,958416.5404411457,1954201.8883605977,다사58255400,958375,1954125,87.39238093776387
2639,보문,6호선,37.585274,127.019351,957563.6312229792,1954095.4826019958,다사57505400,957625,1954125,68.0984844028888
2638,창신,6호선,37.579661,127.015241,957197.5447204589,1953474.611779338,다사57005325,957125,1953375,123.22841818890971
2637,동묘앞,6호선,37.572279,127.015653,957229.7009976088,1952655.4274266243,다사57005250,957125,1952625,109.03268863631746
2636,신당,6호선,37.566154,127.016146,957269.7366533851,1951975.6651865784,다사57255175,957375,1951875,145.64975773901537
2635,청구,6호선,37.560608,127.013986,957075.7989140649,1951361.3492800507,다사57005125,957125,1951375,51.05966130252002
2634,약수,6호선,37.554263,127.010358,956751.7090150035,1950659.0678013815,다사56755050,956875,1950625,127.9112273116339
2633,버티고개,6호선,37.548013,127.007055,956456.3292074095,1949967.1884061967,다사56254975,956375,1949875,122.93552055830209
2632,한강진,6호선,37.539631,127.001725,955980.5791275552,1949039.733145575,다사55754900,955875,1949125,135.71067989975836
2631,이태원,6호선,37.534488,126.994302,955321.7315632801,1948472.6466402684,다사55254825,955375,1948375,111.2312577753458
2630,녹사평(용산구청),6호선,37.534675,126.986695,954649.7639620053,1948497.0344440327,다사54504825,954625,1948375,124.52172238035031
2629,삼각지,6호선,37.535534,126.974032,953531.519279749,1948598.5176905966,다사53504850,953625,1948625,97.15944508887522
2628,효창공원앞,6호선,37.539233,126.961384,952416.4296471328,1949015.2268685952,다사52254900,952375,1949125,117.33096794944444
2627,공덕,6호선,37.543555,126.951678,951561.750854675,1949499.6859309343,다사51504925,951625,1949375,139.81071402898056
2626,대흥(서강대앞),6호선,37.547771,126.942069,950715.6696583272,1949972.4232509255,다사50504975,950625,1949875,133.0874778559978
2625,광흥창(서강),6호선,37.547456,126.931993,949825.3966557969,1949942.8054370454,다사49754975,949875,1949875,84.01231486543206
2624,상수,6호선,37.547716,126.922852,949018.1012107049,1949976.5689216398,다사49004975,949125,1949875,147.45710222242928
2623,합정,6호선,37.549209,126.913366,948181.1891766345,1950147.3963279938,다사48005000,948125,1950125,60.488173046261096
2622,망원,6호선,37.556094,126.910052,947893.2466634705,1950913.085628734,다사47755075,947875,1950875,42.23098203769617
2621,마포구청,6호선,37.563515,126.903343,947305.8999902856,1951740.1512627609,다사47255150,947375,1951625,134.29305513669274
2620,월드컵경기장(성산),6호선,37.569532,126.899298,946952.9273727662,1952409.985921608,다사46755225,946875,1952375,85.42066574902064
2619,디지털미디어시티,6호선,37.576108,126.901391,947142.4068223248,1953138.384550639,다사47005300,947125,1953125,21.957769906248217
2618,증산(명지대앞),6호선,37.583876,126.909645,947876.6633070443,1953995.598821015,다사47755375,947875,1953875,120.61029069094845
2617,새절(신사),6호선,37.591148,126.913629,948233.4565155453,1954800.193417636,다사48005475,948125,1954875,131.75295263941484
2616,구산,6호선,37.611377,126.91727,948568.8255878488,1957042.5200524228,다사48505700,948625,1957125,99.79231600117043
2615,연신내,6호선,37.618636,126.920625,948869.9079386676,1957846.0462510635,다사48755775,948875,1957875,29.398106505231414
2614,독바위,6호선,37.618456,126.933031,949964.6314273335,1957819.390239001,다사49755775,949875,1957875,105.48098541536598
2613,불광,6호선,37.610873,126.92939,949638.1941576658,1956980.032212456,다사49505675,949625,1956875,105.85769433494625
2612,역촌,6호선,37.606021,126.922744,949048.305961138,1956445.3076338193,다사49005625,949125,1956375,104.04392807961243
2611,응암,6호선,37.598605,126.915577,948410.5816538809,1955626.4452290935,다사48255550,948375,1955625,35.610992404481635
2566,하남검단산,5호선,37.53972,127.22345,975568.6543540589,1948968.904484662,다사75504875,975625,1948875,109.51202699317571
2565,하남시청(덕풍-신장),5호선,37.54205,127.20612,974038.4691035589,1949232.0472364265,다사74004900,974125,1949125,137.647037256339
2564,하남풍산,5호선,37.552034,127.203864,973842.6612132937,1950340.3365477624,다사73755025,973875,1950375,47.40624480663476
2563,미사,5호선,37.560927,127.193877,972963.7324766415,1951329.7883276872,다사72755125,972875,1951375,99.58688530254717
2562,강일,5호선,37.55749,127.17593,971377.3646854108,1950953.787002488,다사71255075,971375,1950875,78.82248091846733
2561,마천,5호선,37.49499,127.152781,969307.1873483228,1944027.10879093,다사69254400,969375,1944125,119.08503071627726
2560,거여,5호선,37.493105,127.14415,968543.4473070671,1943820.8304062802,다사68504375,968625,1943875,97.90396625454446
2559,개롱,5호선,37.498079,127.13482,967720.828738622,1944375.820359157,다사67504425,967625,1944375,95.83224997376111
2558,오금,5호선,37.502057,127.127938,967114.2540396282,1944819.5350740766,다사67004475,967125,1944875,56.496315561272546
2557,방이,5호선,37.508857,127.126133,966957.7106233403,1945574.5821857592,다사66754550,966875,1945625,96.86590321761916
2556,올림픽공원(한국체대),5호선,37.516201,127.130923,967384.2473800331,1946387.6798710178,다사67254625,967375,1946375,15.693730165437906
2555,둔촌동,5호선,37.527788,127.136248,967859.7961253461,1947671.3511027233,다사67754750,967875,1947625,48.78096481369706
2554,상일동,5호선,37.556712,127.166417,970536.8450838884,1950870.411771982,다사70505075,970625,1950875,88.27423786694985
2553,고덕,5호선,37.555004,127.154151,969452.770797142,1950684.8345258217,다사69255050,969375,1950625,98.12475410621292
2552,명일,5호선,37.55137,127.143999,968554.5621830383,1950285.0108413836,다사68505025,968625,1950375,114.27832133354659
2551,굽은다리(강동구민회관앞),5호선,37.545477,127.142853,968450.8524022673,1949631.6011322157,다사68254950,968375,1949625,76.13909558332217
2550,길동,5호선,37.537801,127.140004,968195.9201527145,1948780.9548411963,다사68004875,968125,1948875,117.78862404942576
2549,강동,5호선,37.535804,127.132481,967530.4276213322,1948561.9707628593,다사67504850,967625,1948625,113.65130681789235
2548,천호(풍납토성),5호선,37.53864,127.123308,966721.2686811489,1948879.814564804,다사66504875,966625,1948875,96.38899835768504
2547,광나루(장신대),5호선,37.545303,127.10357,964980.6311172167,1949626.2035510116,다사64754950,964875,1949625,105.63797356764037
2546,아차산(어린이대공원후문),5호선,37.551691,127.089761,963763.8750814993,1950340.1486954573,다사63755025,963875,1950375,116.46184327971571
2545,군자(능동),5호선,37.557088,127.079577,962867.0033359582,1950942.8901583564,다사62755075,962875,1950875,68.35949266527678
2544,장한평,5호선,37.56144,127.064623,961548.4521097563,1951431.733734971,다사61505125,961625,1951375,95.28009332757632
2543,답십리,5호선,37.566747,127.052704,960498.5888421377,1952025.46049745,다사60255200,960375,1952125,158.68936469980054
2542,마장,5호선,37.5661,127.042973,959638.8752050528,1951957.8140890098,다사59505175,959625,1951875,83.96841461987411
2541,왕십리(성동구청),5호선,37.56184,127.037059,959114.2649554341,1951487.7457318546,다사59005125,959125,1951375,113.25564548072497
2540,행당,5호선,37.557322,127.029476,958442.0410832412,1950989.8232666573,다사58255075,958375,1950875,132.9619848227739
2539,신금호,5호선,37.554548,127.020331,957632.7544570973,1950686.1452931622,다사57505050,957625,1950625,61.63504263619258
2538,청구,5호선,37.560276,127.013639,957044.9614742814,1951324.67413475,다사57005125,957125,1951375,94.54553565546314
2537,동대문역사문화공원,5호선,37.564665,127.005353,956315.7063267516,1951815.4304884656,다사56255175,956375,1951875,84.04919030980724
2536,을지로4가,5호선,37.567352,126.998032,955670.7470543297,1952116.9679371503,다사55505200,955625,1952125,46.44681919646071
2535,종로3가,5호선,37.57254,126.990305,954991.486074595,1952696.2242137587,다사54755250,954875,1952625,136.53532217013444
2534,광화문(세종문화회관),5호선,37.571525,126.97717,953830.9677330347,1952589.987783498,다사53755250,953875,1952625,56.2556293937711
2533,서대문,5호선,37.565773,126.966641,952897.564736103,1951957.0566882417,다사52755175,952875,1951875,85.10268738758889
2532,충정로(경기대입구),5호선,37.560236,126.9629,952563.6732665958,1951344.6353690801,다사52505125,952625,1951375,68.43229530659484
2531,애오개,5호선,37.553736,126.95682,952022.5200281165,1950626.578846044,다사52005050,952125,1950625,102.49213331796255
2530,공덕,5호선,37.544431,126.951372,951535.2859899873,1949597.0312586434,다사51504950,951625,1949625,93.97262412867993
2529,마포,5호선,37.539574,126.945932,951051.5479145248,1949060.9905273241,다사51004900,951125,1949125,97.42905856518215
2528,여의나루,5호선,37.527098,126.932901,949891.9840905671,1947683.707844854,다사49754750,949875,1947625,61.115222161131996
2527,여의도,5호선,37.521747,126.924357,949133.4094370935,1947094.6295404674,다사49004700,949125,1947125,31.51322650017432
2526,신길,5호선,37.517623,126.914839,948289.4995159633,1946642.2836733006,다사48254650,948375,1946625,87.22991535752726
2525,영등포시장,5호선,37.522669,126.905139,947435.8455210084,1947207.4859527068,다사47254700,947375,1947125,102.49931619636989
2524,영등포구청,5호선,37.5242,126.89503,946543.6601073064,1947383.0392123896,다사46504725,946625,1947375,81.73620421358953
2523,양평,5호선,37.525569,126.886129,945758.1336711248,1947540.0183219365,다사45754750,945875,1947625,144.49783538604964
2522,오목교(목동운동장앞),5호선,37.524496,126.875181,944789.9637071405,1947427.3442812806,다사44754725,944875,1947375,99.85536984092977
2521,목동,5호선,37.526065,126.864931,943885.4225152993,1947607.482482224,다사43754750,943875,1947625,20.383627110899777
2520,신정(은행정),5호선,37.524997,126.856191,943112.3383273591,1947494.2434083235,다사43004725,943125,1947375,119.9137539345297
2519,까치산,5호선,37.531768,126.846683,942277.4097647127,1948251.245293642,다사42254825,942375,1948375,157.60419210543753
2518,화곡,5호선,37.541513,126.840461,941735.2533291405,1949336.2437859385,다사41504925,941625,1949375,116.86676480052856
2517,우장산,5호선,37.548768,126.836318,941374.9316731645,1950143.728237605,다사41255000,941375,1950125,18.728362244043414
2516,발산,5호선,37.558598,126.837668,941501.8671528691,1951233.482247064,다사41505100,941625,1951125,164.10391820607978
2515,마곡,5호선,37.560183,126.825448,940423.8281014586,1951417.0071630278,다사40255125,940375,1951375,64.41106455954379
2514,송정,5호선,37.561184,126.811973,939234.5196237882,1951536.6910120682,다사39005150,939125,1951625,140.68768725175622
2513,김포공항,5호선,37.562384,126.801292,938292.1679817244,1951676.785709494,다사38255150,938375,1951625,97.68778306120882
2512,개화산,5호선,37.572399,126.806171,938731.2763739536,1952784.7176803034,다사38505275,938625,1952875,139.4473553371283
2511,방화,5호선,37.577446,126.812741,939315.5448316758,1953340.3988316853,다사39255325,939375,1953375,68.79068170324774
1982,부천종합운동장,서해선,37.505457,126.797289,937891.436332612,1945363.6298593918,다사37754525,937875,1945375,19.985823154929566
1981,원종,서해선,37.5239,126.8049,938579.2547224587,1947404.7931873775,다사38504725,938625,1947375,54.59179820674166
1980,김포공항,서해선,37.5617,126.8041,938539.6035202725,1951599.058635446,다사38505150,938625,1951625,89.24972349966566
1958,대화,일산선,37.676087,126.747569,933648.5727912155,1964328.4637566253,다사33506425,933625,1964375,52.166065915670224
1957,주엽,일산선,37.670072,126.761334,934857.167102447,1963651.4555788864,다사34756350,934875,1963625,31.904700113806154
1956,정발산,일산선,37.659477,126.773359,935908.5546789529,1962467.6735525785,다사35756225,935875,1962375,98.56116794742907
1955,마두,일산선,37.652206,126.77762,936278.176154497,1961658.0680663618,다사36256150,936375,1961625,102.31497481261516
1954,백석,일산선,37.643114,126.78787,937174.6919714222,1960642.4176034436,다사37006050,937125,1960625,52.65610062985015
1953,대곡,일산선,37.631626,126.811024,939208.0427843637,1959352.6004172536,다사39005925,939125,1959375,86.01072806397754
1952,화정,일산선,37.634592,126.83265,941118.5808833559,1959667.8783463363,다사41005950,941125,1959625,43.35617191388671
1951,원당,일산선,37.653324,126.843041,942049.9614111012,1961739.6715928288,다사42006150,942125,1961625,137.04146827083778
1950,삼송,일산선,37.653083,126.895558,946682.3344487282,1961681.7806557245,다사46506150,946625,1961625,80.69251437073713
1949,지축,일산선,37.648017,126.91397,948302.9549896844,1961109.4156935252,다사48256100,948375,1961125,73.71128895681544
1948,원흥,일산선,37.650658,126.872642,944659.1003305406,1961426.008209434,다사44506125,944625,1961375,61.35690647880687
1919,연천,경원선,38.10073,127.07372,962624.9226459175,2011262.0907414276,다아62501125,962625,2011375,112.90928507000524
1918,전곡,경원선,38.02458,127.0718,962417.6506040475,2002813.717107515,다아62250275,962375,2002875,74.6636922267531
1917,청산,경원선,37.98172,127.06912,962160.4113203011,1998059.3619077315,다사62009800,962125,1998125,74.58096782769461
1916,소요산,경원선,37.9481,127.061034,961432.7195890854,1994332.465786272,다사61259425,961375,1994375,71.69874686250719
1915,동두천,경원선,37.927878,127.05479,960873.4040539756,1992091.4029433294,다사60759200,960875,1992125,33.63494106786842
1914,보산,경원선,37.913702,127.057277,961084.5020492862,1990517.514881409,다사61009050,961125,1990625,114.86137179461736
1913,동두천중앙,경원선,37.901885,127.056482,961008.3852825831,1989206.7371511713,다사61008900,961125,1989125,142.40770414494023
1912,지행,경원선,37.892334,127.055716,960935.9951145839,1988147.3650499512,다사60758800,960875,1988125,64.96614089216965
1911,덕정,경원선,37.843188,127.061277,961399.3225692776,1982692.2831529558,다사61258250,961375,1982625,71.54446203543415
1910,덕계,경원선,37.818486,127.056486,960964.7762319482,1979953.5944420449,다사60757975,960875,1979875,119.31830598509582
1909,양주,경원선,37.774381,127.044708,959904.3164000039,1975065.1695062506,다사59757500,959875,1975125,66.62686613879676
1908,녹양,경원선,37.75938,127.042292,959683.4050684578,1973401.8684895067,다사59507325,959625,1973375,64.28893956142407
1907,가능,경원선,37.748577,127.044213,959846.7767589831,1972202.4678081672,다사59757200,959875,1972125,82.44884860159073
1906,의정부,경원선,37.738415,127.045958,959995.0367081735,1971074.2658277072,다사59757100,959875,1971125,130.31794790952893
1905,회룡,경원선,37.724416,127.04736,960111.0565421961,1969520.508193839,다사60006950,960125,1969625,105.41801350004208
1904,망월사,경원선,37.709914,127.047455,960111.6538703555,1967911.5054262045,다사60006775,960125,1967875,38.86856466173463
1903,도봉산,경원선,37.689534,127.046049,959976.7697442186,1965650.9992609473,다사59756550,959875,1965625,105.03829019990306
1902,도봉,경원선,37.679563,127.045595,959931.3784827334,1964544.9406160023,다사59756450,959875,1964625,97.91852879516236
1901,방학,경원선,37.667503,127.044273,959808.3018232153,1963207.4880416002,다사59756300,959875,1963125,106.07979917702507
1891,인천,수인선,37.476403,126.617326,921955.0252515861,1942274.198774439,다사21754225,921875,1942375,128.70480941289335
1890,신포,수인선,37.46874,126.623853,922524.2366516297,1941418.6332400837,다사22504125,922625,1941375,109.80488156271144
1889,숭의,수인선,37.460789,126.638297,923793.4430341001,1940524.7227240095,다사23754050,923875,1940625,129.2558345563655
1888,인하대,수인선,37.448493,126.649619,924782.4340520618,1939151.4432048858,다사24753900,924875,1939125,96.26888283520798
1886,송도,수인선,37.428514,126.657772,925483.7849640843,1936928.4027129104,다사25253675,925375,1936875,121.18588266383043
1885,연수,수인선,37.417804,126.67894,927346.3121929233,1935723.667078691,다사27253550,927375,1935625,102.75301792308156
1884,원인재,수인선,37.413049,126.686648,928023.836924881,1935190.2167390927,다사28003500,928125,1935125,120.36274683399894
1883,남동인더스파크,수인선,37.407722,126.695216,928777.0168586723,1934592.7134272591,다사28753450,928875,1934625,103.16549211729871
1882,호구포,수인선,37.401637,126.708627,929958.2394231603,1933907.5776003387,다사29753375,929875,1933875,89.38736830164304
1881,인천논현,수인선,37.400614,126.722478,931183.2293734531,1933783.8869632874,다사31003375,931125,1933875,108.1306866330473
1880,소래포구,수인선,37.40095,126.733522,932161.0281031531,1933813.16376844,다사32003375,932125,1933875,71.56635906870152
1879,월곶,수인선,37.391769,126.742699,932965.0962708133,1932788.033020917,다사32753275,932875,1932875,125.22217641161865
1878,달월,수인선,37.379681,126.745177,933173.7196936649,1931445.1956528863,다사33003125,933125,1931375,85.44611304756573
1877,사리,수인선,37.28998,126.85685,942992.7664929273,1921420.412601359,다사42752125,942875,1921375,126.21906044092717
1876,야목,수인선,37.264179,126.879483,944980.1450814724,1918544.6407471218,다사44751850,944875,1918625,132.33706087477842
1875,어천,수인선,37.250102,126.90879,947569.0007653672,1916966.3044182989,다사47501675,947625,1916875,107.10934170444214
1874,오목천,수인선,37.24304,126.963676,952432.1245769167,1916153.8604053862,다사52251600,952375,1916125,64.00109598253518
1873,고색,수인선,37.24963,126.980248,953905.9605619982,1916876.7509396796,다사53751675,953875,1916875,31.010033682747725
1872,매교,분당선,37.265481,127.015678,957057.0789164515,1918618.5822639617,다사57001850,957125,1918625,68.2236097421852
1871,수원시청,분당선,37.261911,127.030736,958390.2564581818,1918215.801637922,다사58251800,958375,1918125,92.07440993870493
1870,매탄권선,분당선,37.252759,127.040566,959256.9609423842,1917196.210431147,다사59251700,959375,1917125,137.85552084320946
1869,망포,분당선,37.245795,127.057353,960742.0432187016,1916416.53831288,다사60501625,960625,1916375,124.19559767140554
1868,영통,분당선,37.251568,127.071394,961990.232909524,1917051.2572071021,다사61751700,961875,1917125,136.80870930515474
1867,청명,분당선,37.259489,127.078934,962662.8102449052,1917927.0026299064,다사62501775,962625,1917875,64.29531971280815
1866,상갈,분당선,37.26181,127.108847,965316.3618320841,1918173.1090555906,다사65251800,965375,1918125,75.84797931617611
1865,기흥,분당선,37.275061,127.11591,965948.6100298755,1919640.595852243,다사65751950,965875,1919625,75.24405029942852
1864,신갈,분당선,37.286102,127.111313,965546.0958776871,1920867.1401484297,다사65502075,965625,1920875,79.29462645524701
1863,구성,분당선,37.298969,127.105664,965051.3089662055,1922296.6708339506,다사65002225,965125,1922375,107.54453363931884
1862,죽전,분당선,37.324753,127.107395,965216.6035893958,1925156.504219832,다사65002500,965125,1925125,96.86967253688603
1861,보정,분당선,37.312752,127.108196,965282.0499954626,1923824.8196116607,다사65252375,965375,1923875,105.63036834821986
1860,이매,분당선,37.395371,127.128248,967094.958180334,1932983.4375038478,다사67003275,967125,1932875,112.52201193357708
1859,오리,분당선,37.339824,127.108942,965360.5833838778,1926827.9152980153,다사65252675,965375,1926875,49.24233931689037
1858,미금,분당선,37.350077,127.10891,965362.4587654567,1927965.3991000692,다사65252775,965375,1927875,91.26488841383494
1857,정자,분당선,37.365994,127.10807,965295.3921425887,1929731.550036493,다사65252950,965375,1929625,133.00496696841566
1856,수내,분당선,37.378455,127.114322,965854.6448550218,1931111.70466588,다사65753100,965875,1931125,24.312503705815462
1855,서현,분당선,37.385126,127.123592,966678.3038453357,1931848.478909737,다사66503175,966625,1931875,59.53711578767837
1854,야탑,분당선,37.411185,127.128715,967143.1999408132,1934737.702630274,다사67003450,967125,1934625,114.16269406545585
1853,모란,분당선,37.432052,127.129104,967186.7312854355,1937052.5893115965,다사67003700,967125,1937125,95.15282127499759
1852,태평,분당선,37.440019,127.127709,967066.8059786285,1937936.9511864271,다사67003775,967125,1937875,84.99702126029356
1851,가천대,분당선,37.448605,127.126697,966981.0565909272,1938889.8551491117,다사66753875,966875,1938875,107.0919041488521
1850,선정릉,분당선,37.510735,127.043677,959671.2399349106,1945815.0818518137,다사59504575,959625,1945875,75.68563973837173
1849,강남구청,분당선,37.517469,127.041151,959451.6402204063,1946563.2632959757,다사59254650,959375,1946625,98.41312924458806
1848,압구정로데오,분당선,37.527381,127.040534,959402.4870259747,1947663.206275582,다사59254750,959375,1947625,47.06650710203541
1847,서울숲,분당선,37.543617,127.044707,959779.9279887871,1949462.7036763602,다사59754925,959875,1949375,129.34690627597544
1846,수원,분당선,37.265917,126.999422,955615.9696982347,1918674.4532770324,다사55501850,955625,1918625,50.27099520808701
1823,도화,경인선,37.46607,126.668672,926484.9430719339,1941086.4819590913,다사26254100,926375,1941125,116.49514385465137
1822,중동,경인선,37.486562,126.764843,935007.3081388188,1943289.2344163414,다사35004325,935125,1943375,145.62660996049692
1821,온수(성공회대입구),경인선,37.492433,126.824086,940249.5204397326,1943901.3375574884,다사40004375,940125,1943875,127.275319075024
1817,도원,경인선,37.468446,126.642706,924191.1023173,1941370.6724719044,다사24004125,924125,1941375,66.24382123529358
1816,간석,경인선,37.464737,126.694181,928739.500488024,1940918.9867802092,다사28504075,928625,1940875,122.65887082026822
1815,부개,경인선,37.488418,126.74109,932909.0157460739,1943511.8117464352,다사32754350,932875,1943625,118.18905078731026
1814,소사,경인선,37.482753,126.79544,937709.1572463355,1942845.962789449,다사37504275,937625,1942875,89.02584853494386
1813,구일,경인선,37.496756,126.870793,944381.6483799478,1944352.3260009221,다사44254425,944375,1944375,23.62860956791875
1812,인천,경인선,37.476079,126.616801,921908.267256689,1942238.687663057,다사21754200,921875,1942125,118.45503408023616
1811,동인천,경인선,37.475276,126.632802,923322.2707071321,1942136.4482508928,다사23254200,923375,1942125,53.95776843845001
1810,제물포,경인선,37.466769,126.656666,925423.9164759845,1941173.4716706194,다사25254100,925375,1941125,68.86453713909792
1809,주안,경인선,37.465047,126.679742,927462.9020306971,1940964.4020303355,다사27254075,927375,1940875,125.37739042101406
1808,동암,경인선,37.471408,126.702896,929516.465869767,1941652.5419095925,다사29504150,929625,1941625,111.97416759874115
1807,백운,경인선,37.483664,126.707704,929953.0593408386,1943008.696121803,다사29754300,929875,1943125,140.07088482554497
1806,부평,경인선,37.489445,126.724506,931443.832601924,1943637.7009302264,다사31254350,931375,1943625,69.99457633443755
1805,송내,경인선,37.4876,126.753664,934019.9097983977,1943412.1716009865,다사34004325,934125,1943375,111.47052701371626
1804,부천,경인선,37.48405,126.782686,936582.6445825844,1942998.3725834808,다사36504275,936625,1942875,130.44069817037266
1803,역곡,경인선,37.485178,126.811502,939131.2000532544,1943104.4973234003,다사39004300,939125,1943125,21.419626703266673
1802,오류동,경인선,37.494526,126.845365,942132.2107249696,1944120.2495791316,다사42004400,942125,1944125,8.634874232697692
1801,개봉,경인선,37.494594,126.85968,943397.6794589014,1944119.0892206668,다사43254400,943375,1944125,23.437046921194717
1763,수리산,안산선,37.349801,126.925365,949106.1798658862,1928017.8963216778,다사49002800,949125,1928125,108.74463369839523
1762,오이도,안산선,37.362357,126.738714,932586.0246785167,1929527.8185076502,다사32502950,932625,1929625,104.70586487904805
1761,정왕,안산선,37.351735,126.742989,932955.1455811148,1928346.3428459228,다사32752825,932875,1928375,85.11490264362624
1760,신길온천,안산선,37.338212,126.765844,934967.6719853311,1926830.0902127388,다사34752675,934875,1926875,102.98051202558534
1759,안산,안산선,37.327082,126.788532,936968.128474517,1925579.9297393395,다사36752550,936875,1925625,103.46130272654142
1758,초지,안산선,37.320646,126.805913,938502.7582750377,1924854.4567648517,다사38502475,938625,1924875,123.95589470495298
1757,고잔,안산선,37.316784,126.823144,940026.4035878831,1924414.9271842882,다사40002425,940125,1924375,106.3740218639164
1756,중앙,안산선,37.315941,126.838573,941392.8696166866,1924311.7242724062,다사41252425,941375,1924375,65.75059621822061
1755,한대앞,안산선,37.309689,126.85344,942705.4618707051,1923609.0053719697,다사42502350,942625,1923625,82.03621616821142
1754,상록수,안산선,37.302795,126.866489,943856.678640048,1922836.349664716,다사43752275,943875,1922875,42.77289618498822
1753,반월,안산선,37.312212,126.903524,947145.4374531328,1923859.726633434,다사47002375,947125,1923875,25.51402000503187
1752,대야미,안산선,37.328467,126.917332,948380.1136574544,1925655.4372645628,다사48252550,948375,1925625,30.863839142719247
1751,산본,안산선,37.358101,126.933274,949812.1904116836,1928934.4764980855,다사49752875,949875,1928875,86.50143472214863
1750,광명,경부선,37.416182,126.884466,945531.8704797148,1935405.1720263157,다사45503525,945625,1935375,97.89514145524568
1749,서동탄,경부선,37.195504,127.051672,960211.7902559243,1910839.7108464362,다사60001075,960125,1910875,93.6903030343096
1729,당정,경부선,37.344285,126.948345,951137.8970869418,1927393.8083992847,다사51002725,951125,1927375,22.805497916878746
1728,천안,경부선,36.810005,127.146826,968497.896381551,1868039.0987197543,다바74008125,974125,1881375,14474.47954467522
1727,두정,경부선,36.833705,127.14896,968697.8976443374,1870667.450891354,다바74008125,974125,1881375,12004.376197575068
1726,직산,경부선,36.870593,127.143904,968262.3076007216,1874761.1448444535,다바74008125,974125,1881375,8838.226190085039
1725,성환,경부선,36.916076,127.126964,966772.2148858907,1879812.4254493387,다바63758275,963875,1882875,4215.829333996428
1724,평택,경부선,36.990726,127.085159,963084.5071484939,1888108.9666635294,다바63008800,963125,1888125,43.551566004851175
1723,지제,경부선,37.0188,127.070444,961789.1089696559,1891229.1394008312,다바61759100,961875,1891125,134.98993999200243
1722,서정리,경부선,37.056496,127.052819,960240.9388080506,1895418.1634344817,다바60009525,960125,1895375,123.71293096701113
1721,송탄,경부선,37.075696,127.054301,960382.6916224838,1897547.504730313,다바60259750,960375,1897625,77.87604176048386
1720,진위,경부선,37.109447,127.062278,961109.0071632103,1901288.4059422642,다사61000125,961125,1901375,88.05851272719127
1719,오산,경부선,37.145885,127.06672,961522.126109368,1905328.9006756633,다사61500525,961625,1905375,112.73058625793699
1718,오산대,경부선,37.168953,127.063197,961221.0450376176,1907889.43180526,다사61000775,961125,1907875,97.12325290073964
1717,세마,경부선,37.187533,127.04318,959453.8760724821,1909959.0245305786,다사59250975,959375,1909875,115.24563570548008
1716,병점,경부선,37.207503,127.032731,958537.3685189056,1912178.9761355699,다사58501200,958625,1912125,102.92084186331847
1715,세류,경부선,37.245025,127.013222,956827.6417390004,1916350.329094948,다사56751625,956875,1916375,53.3990490644319
1714,독산,경부선,37.466613,126.889249,945991.3784026487,1940997.3963901866,다사45754075,945875,1940875,168.8928918983422
1713,수원,경부선,37.266348,126.999561,955628.5471848758,1918722.2029588865,다사55501850,955625,1918625,97.26766028252193
1712,화서,경부선,37.283862,126.989627,954758.224791784,1920669.9038205715,다사54752050,954875,1920625,125.11115999708817
1711,성균관대,경부선,37.300349,126.97075,953095.1062643654,1922508.1682386836,다사53002250,953125,1922625,120.59558815514131
1710,의왕,경부선,37.320852,126.948217,951111.3762415987,1924794.1973026865,다사51002475,951125,1924875,81.9431674156563
1709,군포,경부선,37.35356,126.948462,951154.269587379,1928422.7272275048,다사51002825,951125,1928375,55.98747172923425
1708,금정,경부선,37.372221,126.943429,950720.7342483194,1930495.6210231956,다사50503025,950625,1930375,153.99505686231157
1707,명학,경부선,37.384653,126.935433,950021.0062421648,1931879.053872134,다사50003175,950125,1931875,104.07274161841784
1706,안양,경부선,37.401592,126.922874,948920.6910490347,1933765.0283416363,다사48753375,948875,1933875,119.08584132950305
1705,관악,경부선,37.419232,126.908706,947678.9918606644,1935729.820804868,다사47503550,947625,1935625,117.90895704382403
1704,석수,경부선,37.435047,126.902295,947122.8295935089,1937487.9590019954,다사47003725,947125,1937375,112.97985128389661
1703,금천구청,경부선,37.455626,126.89398,946401.9021941705,1939775.757330312,다사46253975,946375,1939875,102.82429449310031
1702,가산디지털단지,경부선,37.481581,126.882581,945412.6097834768,1942661.8483388636,다사45254250,945375,1942625,52.65259623396567
1701,구로,경부선,37.503039,126.881966,945373.866166315,1945042.8454276647,다사45254500,945375,1945125,82.16239610930269
1512,성남,경강선,37.39468,127.11945,966315.9048646318,1932909.8819883447,다사66253275,966375,1932875,68.62206740592686
1511,여주,경강선,37.282308,127.628816,1011419.030687438,1920383.2176585917,라사11252025,1011375,1920375,44.790973967867735
1510,세종대왕릉,경강선,37.295309,127.570938,1006287.2912586525,1921820.1140300222,라사06252175,1006375,1921875,103.46638589018262
1509,부발,경강선,37.260192,127.490277,999137.8424248163,1917921.974003263,다사99001775,999125,1917875,48.697893770884264
1508,이천,경강선,37.265579,127.44226,994880.4448113992,1918521.1156933657,다사94751850,994875,1918625,104.02689621470236
1507,신둔도예촌,경강선,37.317185,127.40476,991561.2477065907,1924248.9090658012,다사91502400,991625,1924125,139.34780767084052
1506,곤지암,경강선,37.351315,127.34674,986426.517936439,1928042.0370703903,다사86252800,986375,1928125,97.65728577202293
1505,초월,경강선,37.374419,127.299,982203.8744294362,1930613.130772545,다사82003050,982125,1930625,79.76248603986379
1504,경기광주,경강선,37.399907,127.25263,978105.7769288941,1933450.5408817267,다사78003325,978125,1933375,77.9483885323052
1503,삼동,경강선,37.409522,127.20336,973748.3332125386,1934529.8151215084,다사73503450,973625,1934625,155.7923053573274
1502,이매,경강선,37.394655,127.127819,967056.6724145471,1932904.1532582291,다사67003275,967125,1932875,74.28708770171993
1501,판교,경강선,37.394761,127.111217,965587.2012016434,1932921.8395339374,다사65503275,965625,1932875,60.18879544127778
1458,금정,과천선,37.372209,126.943417,950719.6638991513,1930494.295988733,다사50503025,950625,1930375,152.29178155859765
1457,범계,과천선,37.389793,126.950806,951385.2503356722,1932441.2636661467,다사51253225,951375,1932375,67.05179216537935
1456,평촌,과천선,37.394287,126.963883,952545.6708166086,1932933.1788472508,다사52503275,952625,1932875,98.3763061157293
1455,인덕원,과천선,37.401553,126.976715,953685.9736916055,1933732.9057542246,다사53503350,953625,1933625,123.94128796647445
1454,정부과천청사,과천선,37.426513,126.98978,954857.2993773367,1936495.6879627553,다사54753625,954875,1936375,121.97908179970142
1453,과천,과천선,37.433021,126.996568,955461.7408168211,1937214.472615261,다사55253700,955375,1937125,124.6166850163083
1452,대공원,과천선,37.435675,127.006523,956343.9996838487,1937504.256676955,다사56253750,956375,1937625,124.65941465228454
1451,경마공원,과천선,37.443885,127.007888,956469.5127710538,1938414.4639538089,다사56253825,956375,1938375,102.42103076273766
1450,선바위,과천선,37.451673,127.002303,955980.0437835744,1939281.0806977362,다사55753925,955875,1939375,140.90788411345227
1408,신창(순천향대),장항선,36.769502,126.951108,951014.5110456933,1863628.4124885483,다바47507825,947625,1878375,15131.114577643631
1407,온양온천,장항선,36.780483,127.003249,955674.1566313265,1864821.1194020235,다바47507825,947625,1878375,15763.774983798512
1405,배방,장항선,36.777629,127.052991,960111.258826329,1864482.6367947417,다바58508125,958625,1881375,16957.620704485766
1404,탕정,장항선,36.78866,127.08485,962959.5130133566,1865693.4994534717,다바58508125,958625,1881375,16269.525575557629
1403,아산,장항선,36.792053,127.104361,964701.88686139,1866062.5088196832,다바60008175,960125,1881875,16461.55432119215
1402,쌍용(나사렛대),장항선,36.793759,127.1214,966222.8274813526,1866245.6038745712,다바62008225,962125,1882375,16641.80307051876
1401,봉명,장항선,36.801215,127.135763,967507.3912150279,1867067.7234267013,다바74008125,974125,1881375,15763.594418019093
1329,춘천,경춘선,37.885054,127.717023,1019083.7532877884,1987268.82171454,라사10258950,1010375,1989625,9021.860115321995
1328,남춘천,경춘선,37.864007,127.723792,1019684.5806022874,1984935.0649108747,라사09508675,1009625,1986875,10244.926063370938
1327,김유정,경춘선,37.818466,127.71434,1018864.7845751152,1979880.3730541894,라사09258625,1009375,1986375,11499.399568992445
1326,강촌,경춘선,37.805723,127.634146,1011808.665986912,1978453.3936719857,라사09008600,1009125,1986125,8127.460044893302
1325,백양리,경춘선,37.830779,127.58933,1007860.9239030513,1981228.6075881713,라사05508375,1005625,1983875,3464.498303884833
1324,굴봉산,경춘선,37.832067,127.557695,1005076.9964587465,1981369.3191027006,라사04258275,1004375,1982875,1661.2868483753919
1323,가평,경춘선,37.814536,127.510739,1000945.2250800121,1979422.7632463423,라사00757925,1000875,1979375,84.92873226337062
1322,상천,경춘선,37.770246,127.454821,996021.0611803159,1974509.7760133436,다사96007450,996125,1974625,155.1768195908036
1321,청평,경춘선,37.735488,127.42661,993533.4786989451,1970655.039789472,다사93507050,993625,1970625,96.32516544650802
1320,대성리,경춘선,37.684071,127.379319,989359.2353356709,1964954.814476573,다사89256475,989375,1964875,81.35647062168607
1319,마석,경춘선,37.652782,127.311767,983396.0221714781,1961493.2416858324,다사83256125,983375,1961375,120.09591151300948
1318,천마산,경춘선,37.658978,127.285379,981069.9148976107,1962185.6606053936,다사81006200,981125,1962125,81.93947493094747
1317,평내호평,경춘선,37.653225,127.244493,977461.9274607021,1961556.428336916,다사77256150,977375,1961625,110.71791364645337
1316,금곡,경춘선,37.637382,127.207853,974224.460944498,1959808.150737673,다사74005975,974125,1959875,119.83865550849609
1315,사릉,경춘선,37.65108,127.176933,971501.678522888,1961336.8303418492,다사71506125,971625,1961375,129.09341393128426
1314,퇴계원,경춘선,37.648311,127.143952,968591.189869839,1961040.153134491,다사68506100,968625,1961125,91.33518209428192
1313,별내,경춘선,37.64202,127.12684,967078.8712872153,1960348.0595392613,다사67006025,967125,1960375,53.41953358080834
1312,갈매,경춘선,37.634118,127.114757,966009.274325316,1959475.6739383016,다사66005925,966125,1959375,153.38733205267084
1311,신내,경춘선,37.612887,127.103218,964981.2039814839,1957124.4294470246,다사64755700,964875,1957125,106.20551404582639
1286,운천,경의중앙선,37.879942,126.769999,935803.0835308242,1986930.5668770073,다사35758675,935875,1986875,90.8826515846547
1285,임진강,경의중앙선,37.888421,126.746765,933767.4317964667,1987887.570860733,다사33758775,933875,1987875,108.30025369753903
1284,문산,경의중앙선,37.854619,126.788047,937368.829298857,1984108.6732159476,다사37258400,937375,1984125,17.453980350922134
1283,파주,경의중앙선,37.815298,126.792783,937752.4322182245,1979742.799534945,다사37757950,937875,1979625,169.9987987093867
1282,월롱,경의중앙선,37.796188,126.792587,937719.1328179159,1977622.6654868294,다사37507750,937625,1977625,94.16176166856123
1280,금촌,경의중앙선,37.766217,126.774644,936113.6119740733,1974309.4831384188,다사36007425,936125,1974375,66.49922019063145
1279,금릉,경의중앙선,37.751322,126.765347,935281.7829658771,1972663.2754418573,다사35257250,935375,1972625,100.76916641533633
1278,운정,경의중앙선,37.725826,126.767257,935427.9006651454,1969833.1893476248,다사35256975,935375,1969875,67.42856238170796
1277,야당,경의중앙선,37.712327,126.761356,934896.0616968153,1968339.5732115326,다사34756825,934875,1968375,41.21471113397651
1276,탄현,경의중앙선,37.694023,126.761086,934856.2455130991,1966308.9537279701,다사34756625,934875,1966375,68.65741640899527
1275,일산,경의중앙선,37.682077,126.769846,935618.2242168369,1964977.5089059374,다사35506475,935625,1964875,102.73259966516348
1274,풍산,경의중앙선,37.672346,126.786243,937055.8381238962,1963886.7351299985,다사37006375,937125,1963875,70.15039830453885
1273,백마,경의중앙선,37.658239,126.794461,937768.7917533355,1962316.1068797277,다사37756225,937875,1962375,121.44377824720196
1272,곡산,경의중앙선,37.645676,126.801762,938402.3991048423,1960917.4519579532,다사38256075,938375,1960875,50.52602972942056
1271,능곡,경의중앙선,37.618808,126.820783,940058.8482913758,1957924.203821264,다사40005775,940125,1957875,82.44431199833883
1270,행신,경의중앙선,37.612102,126.834146,941232.8741565425,1957171.744943424,다사41005700,941125,1957125,117.56667633922817
1269,강매,경의중앙선,37.612314,126.843223,942034.1681851979,1957189.6219744645,다사42005700,942125,1957125,111.47384520119806
1268,화전,경의중앙선,37.602888,126.868387,944248.0809227466,1956128.6004065399,다사44005600,944125,1956125,123.13357166669945
1267,수색,경의중앙선,37.580842,126.895611,946635.40276412,1953666.869128572,다사46505350,946625,1953625,43.1421073745847
1266,디지털미디어시티,경의중앙선,37.577475,126.900453,947060.547816751,1953290.5754046421,다사47005325,947125,1953375,106.21485878589115
1265,가좌,경의중앙선,37.568491,126.915487,948381.8477564004,1952285.475603218,다사48255225,948375,1952375,89.78590862104798
1264,홍대입구,경의중앙선,37.557641,126.926683,949363.2281384574,1951075.6281943456,다사49255100,949375,1951125,50.75580673924202
1263,서강대,경의중앙선,37.551881,126.935711,950156.7738279519,1950431.7591609238,다사50005025,950125,1950375,65.0475094948719
1262,공덕,경의중앙선,37.542596,126.952099,951598.3218946919,1949393.0730866867,다사51504925,951625,1949375,32.22355916427252
1261,효창공원앞,경의중앙선,37.538579,126.96221,952488.987497885,1948942.2514014381,다사52254875,952375,1948875,132.34765078942797
1252,신촌,경의중앙선,37.559733,126.942597,950770.1799892323,1951299.2708866003,다사50755125,950875,1951375,129.3140876843899
1251,서울역,경의중앙선,37.557231,126.97103,953279.8386848401,1951007.173446187,다사53255100,953375,1951125,151.4555138857357
1220,지평,중앙선,37.476393,127.629874,1011483.188050209,1941915.2226959893,라사11254175,1011375,1941875,115.42321898415743
1219,용문,중앙선,37.48223,127.594647,1008367.8384431159,1942559.079771054,라사08254250,1008375,1942625,66.30810268209864
1218,원덕,중앙선,37.468672,127.547076,1004162.7890429975,1941051.7603126531,라사04004100,1004125,1941125,82.41397680814514
1217,양평,중앙선,37.492773,127.491837,999278.4022919426,1943724.5711419294,다사99254350,999375,1943625,138.7282577813784
1216,오빈,중앙선,37.506062,127.473868,997690.3773080665,1945199.1771547399,다사97504500,997625,1945125,98.87589542106836
1215,아신,중앙선,37.51382,127.443173,994977.9829314142,1946061.067521068,다사94754600,994875,1946125,121.21405044399108
1214,국수,중앙선,37.516169,127.399367,991106.9588397781,1946324.9119110664,다사91004625,991125,1946375,53.23814530178512
1213,신원,중앙선,37.525545,127.372921,988771.3030194908,1947367.9426752224,다사88754725,988875,1947375,103.93685390535717
1212,양수,중앙선,37.545981,127.329098,984903.2215728485,1949641.316194708,다사84754950,984875,1949625,32.59870217957287
1211,운길산,중앙선,37.554669,127.310115,983228.2869280321,1950608.412861973,다사83005050,983125,1950625,104.61033720538789
1210,팔당,중앙선,37.547371,127.243939,977381.0355828884,1949812.6089210128,다사77254975,977375,1949875,62.68233401832377
1209,도심,중앙선,37.579622,127.222672,975512.9850995768,1953395.9985026224,다사75505325,975625,1953375,113.96611351278469
1208,덕소,중앙선,37.586781,127.208832,974293.4245072603,1954193.9480938718,다사74255400,974375,1954125,106.81011499047415
1207,양정,중앙선,37.60533,127.19364,972958.8666676774,1956256.130399522,다사72755625,972875,1956375,145.4771455079311
1206,도농,중앙선,37.608806,127.161153,970092.7567922153,1956651.628135321,다사70005650,970125,1956625,41.81724571178844
1205,구리,중앙선,37.603392,127.143869,968564.9567396139,1956056.617134185,다사68505600,968625,1956125,91.00224972416447
1204,양원,중앙선,37.606596,127.107906,965392.0395965423,1956424.7336210655,다사65255625,965375,1956375,52.57167407083303
1203,망우,중앙선,37.59955,127.091909,963976.6697093965,1955649.0298201484,다사63755550,963875,1955625,104.47086706417977
1202,상봉(시외버스터미널),중앙선,37.596678,127.08504,963368.9132275161,1955333.0523390651,다사63255525,963375,1955375,42.38696801114905
1201,중랑,중앙선,37.594917,127.076116,962580.2510133353,1955141.196162397,다사62505500,962625,1955125,47.589783398417545
1032,신길,경부선,37.516862,126.917865,948556.3862019607,1946556.1959599305,다사48504650,948625,1946625,97.16917829874357
1030,수서,분당선,37.487472,127.101422,964763.701539656,1943211.023500986,다사64754300,964875,1943125,140.6676579630678
1028,대모산입구,분당선,37.491373,127.07272,962228.2529211695,1943654.942600562,다사62004350,962125,1943625,107.50686051807223
1027,개포동,분당선,37.489116,127.06614,961645.4209945868,1943407.2041574996,다사61504325,961625,1943375,38.13298808344278
1026,구룡,분당선,37.486839,127.058856,961000.3055947432,1943157.5788929611,다사61004300,961125,1943125,128.88009531697838
1025,도곡,분당선,37.491224,127.055186,960678.153213715,1943645.5919471222,다사60504350,960625,1943625,57.00256498186926
1024,한티,분당선,37.496237,127.052873,960476.3232360209,1944202.7199440945,다사60254400,960375,1944125,127.69803392299436
1023,선릉,분당선,37.504856,127.048807,960121.4924365605,1945160.6575315925,다사60004500,960125,1945125,35.82963243677878
1021,녹천,경원선,37.644799,127.051269,960413.2473256964,1960685.5837609696,다사60256050,960375,1960625,71.64670275836119
1020,월계,경원선,37.633212,127.058831,961074.3204619297,1959396.8869664392,다사61005925,961125,1959375,55.20375783344495
1019,광운대,경원선,37.623632,127.061835,961334.4111855609,1958332.7833406357,다사61255825,961375,1958375,58.56362510513777
1018,석계,경원선,37.614532,127.065934,961691.4576976344,1957321.496610469,다사61505725,961625,1957375,85.31845208493918
1017,신이문,경원선,37.601854,127.067325,961807.7389674726,1955914.3628688278,다사61755575,961875,1955875,77.93254736634697
1016,외대앞,경원선,37.596073,127.063549,961471.4484915581,1955274.5304201748,다사61255525,961375,1955375,139.2711312299769
1015,회기,중앙선,37.58946,127.057583,960941.3295757656,1954543.3138982654,다사60755450,960875,1954625,105.2246731420541
1014,청량리(서울시립대입구),경원선,37.580759,127.0483,960117.1360277554,1953581.8810886513,다사60005350,960125,1953625,43.83015600433503
1013,왕십리(성동구청),경원선,37.561827,127.038352,959228.4528819383,1951485.7417429602,다사59005125,959125,1951375,151.54613955888271
1012,응봉,경원선,37.549946,127.034538,958885.0812025578,1950169.2698206422,다사58755000,958875,1950125,45.40316800293514
1011,옥수,경원선,37.540446,127.018672,957478.2107452041,1949122.3542324784,다사57254900,957375,1949125,103.24465124823067
1010,한남,경원선,37.52943,127.009169,956632.3064542711,1947904.5310255159,다사56504775,956625,1947875,30.421468439808702
1009,서빙고,경원선,37.519594,126.988537,954803.4066970559,1946822.9966981919,다사54754675,954875,1946875,88.48697319602294
1008,이촌(국립중앙박물관),경원선,37.522427,126.973406,953468.0711584435,1947144.6788468861,다사53254700,953375,1947125,95.12884709054524
1007,신도림,경부선,37.508787,126.891144,946189.2156039267,1945675.26583069,다사46004550,946125,1945625,81.54935635937743
1006,영등포,경부선,37.515504,126.907628,947650.7794917413,1946411.1803196233,다사47504625,947625,1946375,44.42519243049996
1005,대방,경부선,37.513342,126.926382,949306.6641341194,1946161.0485901628,다사49254600,949375,1946125,77.26118959978562
1004,노량진,경부선,37.514149,126.94271,950750.1890915567,1946241.90835273,다사50754600,950875,1946125,171.01264808342472
1003,용산,경부선,37.529849,126.964561,952691.1734842097,1947972.520231535,다사52504775,952625,1947875,117.85213435098461
1002,남영,경부선,37.541021,126.9713,953293.5720868137,1949208.6241593403,다사53254900,953375,1949125,116.71977155236932
1001,서울역,경부선,37.554337,126.971134,953287.217829174,1950686.0471603174,다사53255050,953375,1950625,106.92270711941363
434,남태령,4호선,37.463873,126.989134,954822.6130841522,1940640.8194425383,다사54754050,954875,1940625,54.723337930583696
433,사당,4호선,37.476955,126.981651,954168.8526804191,1942095.7947198302,다사54004200,954125,1942125,52.687816141299365
432,총신대입구(이수),4호선,37.486263,126.981989,954204.4193790545,1943128.292214634,다사54004300,954125,1943125,79.48758674529263
431,동작(현충원),4호선,37.502852,126.980347,954069.4153299531,1944969.5378051868,다사54004475,954125,1944875,109.6679176138871
430,이촌(국립중앙박물관),4호선,37.522295,126.974733,953585.249210826,1947129.378606803,다사53504700,953625,1947125,39.99121700437277
429,신용산,4호선,37.52917,126.967894,952985.2374301472,1947895.517637292,다사52754775,952875,1947875,112.13056873801875
428,삼각지,4호선,37.534075,126.9726,953404.0955252077,1948437.3582053797,다사53254825,953375,1948375,68.81202921936487
427,숙대입구(갈월),4호선,37.54456,126.972106,953366.9806954452,1949600.857293805,다사53254950,953375,1949625,25.439723032207457
426,서울역,4호선,37.55281,126.972556,953411.8681851904,1950515.928629725,다사53255050,953375,1950625,115.13395195551912
425,회현(남대문시장),4호선,37.558514,126.978246,953917.9714392022,1951145.9534640682,다사53755100,953875,1951125,47.807868009014484
424,명동,4호선,37.560989,126.986325,954633.0255050751,1951416.6118067675,다사54505125,954625,1951375,42.378664374525776
423,충무로,4호선,37.561207,126.99408,955318.0698496541,1951437.0826880024,다사55255125,955375,1951375,84.23361661479177
422,동대문역사문화공원,4호선,37.565133,127.007885,956539.5908927025,1951866.1787564913,다사56505175,956625,1951875,85.86343777419609
421,동대문,4호선,37.57093,127.009287,956666.7657338592,1952508.679347026,다사56505250,956625,1952625,123.59154838866534
420,혜화,4호선,37.582336,127.001844,956016.2045109435,1953777.5784698534,다사56005375,956125,1953875,146.03908030096477
419,한성대입구(삼선교),4호선,37.588458,127.006221,956406.2367691043,1954454.745330023,다사56255425,956375,1954375,85.64492632122561
418,성신여대입구(돈암),4호선,37.592612,127.016441,957310.8978419558,1954910.9181242974,다사57255475,957375,1954875,73.47923733253666
417,길음,4호선,37.603407,127.025053,958077.236178877,1956104.694895202,다사58005600,958125,1956125,51.90067330131793
416,미아사거리,4호선,37.613292,127.030053,958524.069810951,1957199.171925048,다사58505700,958625,1957125,125.25325355776998
415,미아(서울사이버대학),4호선,37.62667,127.025983,958172.3590174246,1958685.2119148374,다사58005850,958125,1958625,76.60516444606321
414,수유(강북구청),4호선,37.638052,127.025732,958156.5929829997,1959948.1124677628,다사58005975,958125,1959875,79.64640303984906
413,쌍문,4호선,37.648627,127.034709,958954.4335958532,1961117.4036406402,다사58756100,958875,1961125,79.79599504791099
412,창동,4호선,37.653088,127.047274,960065.2478448225,1961606.9113371305,다사60006150,960125,1961625,62.43011911543095
411,노원,4호선,37.65627,127.063276,961478.4279426684,1961953.2496620778,다사61256175,961375,1961875,129.69328795241492
410,상계,4호선,37.660878,127.073572,962388.9234839011,1962460.3115139608,다사62256225,962375,1962375,86.44025577375336
409,불암산,4호선,37.670272,127.079066,962878.1770398103,1963500.3538392014,다사62756350,962875,1963625,124.68664316513684
408,별내별가람,진접선,37.66778,127.11581,966117.4802353389,1963209.9614798313,다사66006300,966125,1963125,85.29361005183672
406,오남,진접선,37.705,127.19281,972921.8251226275,1967314.3550091549,다사72756725,972875,1967375,76.61858145181976
405,진접,진접선,37.7205,127.2034,973860.7598183735,1969031.0257362279,다사73756900,973875,1969125,95.04706741541882
342,오금,3호선,37.502129,127.128319,967147.9614661902,1944827.3899263847,다사67004475,967125,1944875,52.85780963357907
341,경찰병원,3호선,37.495918,127.12454,966811.1941789915,1944139.64727362,다사66754400,966875,1944125,65.46545210312529
340,가락시장,3호선,37.492245,127.117757,966209.9534874723,1943734.56628435,다사66004350,966125,1943625,138.6429432028171
339,수서,3호선,37.487378,127.101907,964806.5340599712,1943200.4134322535,다사64754300,964875,1943125,101.85661838231827
338,일원,3호선,37.483681,127.08439,963256.1237124885,1942796.9490709195,다사63254275,963375,1942875,142.20942044341504
337,대청,3호선,37.493514,127.079532,962831.5006666651,1943889.7606312775,다사62754375,962875,1943875,45.93547905797677
336,학여울,3호선,37.496663,127.070594,962042.9899415127,1944242.688076533,다사62004400,962125,1944125,143.44383239131187
335,대치,3호선,37.494612,127.063642,961427.4153421475,1944017.9693750555,다사61254400,961375,1944125,119.176015911098
334,도곡,3호선,37.490922,127.055452,960701.5096863532,1943611.9759763577,다사60504350,960625,1943625,77.6102911841763
333,매봉,3호선,37.486947,127.046769,959931.79644432,1943174.6364552036,다사59754300,959875,1943125,75.42952851886425
332,양재(서초구청),3호선,37.484477,127.033902,958792.917176616,1942906.1604193973,다사58754275,958875,1942875,87.79841474479556
331,남부터미널(예술의전당),3호선,37.485013,127.016189,957227.2312277722,1942973.5259945306,다사57004275,957125,1942875,141.98096890098728
330,교대(법원.검찰청),3호선,37.493025,127.013786,957019.3763298657,1943863.4995955934,다사57004375,957125,1943875,106.2479128932114
329,고속터미널,3호선,37.504891,127.004916,956242.2007878486,1945184.0446440654,다사56004500,956125,1945125,131.23374057435458
328,잠원,3호선,37.512759,127.01122,956803.9150620388,1946054.0383313552,다사56754600,956875,1946125,100.44215659672223
327,신사,3호선,37.516334,127.020114,957591.9529290139,1946446.6167941552,다사57504625,957625,1946375,78.87378592303054
326,압구정,3호선,37.527072,127.028461,958335.5624095248,1947634.2040075443,다사58254750,958375,1947625,40.497373956406854
325,옥수,3호선,37.541684,127.017269,957354.9703846256,1949260.3388355782,다사57254925,957375,1949375,116.3974575264177
324,금호,3호선,37.548034,127.015872,957235.1845672431,1949965.4710287359,다사57004975,957125,1949875,142.56803954278405
323,약수,3호선,37.554867,127.010541,956768.2217654305,1950725.9942319535,다사56755050,956875,1950625,146.97423674118647
322,동대입구,3호선,37.559052,127.005602,956334.4208181666,1951192.5811713038,다사56255100,956375,1951125,78.8281974489944
321,충무로,3호선,37.56143,126.994072,955317.4964803993,1951461.8272082405,다사55255125,955375,1951375,104.14230099874277
320,을지로3가,3호선,37.566672,126.992548,955186.0393482677,1952044.1264151328,다사55005200,955125,1952125,101.3229429409918
319,종로3가,3호선,37.571605,126.991791,955122.1468369319,1952591.779738426,다사55005250,955125,1952625,33.3425601677432
318,안국,3호선,37.576477,126.985443,954564.5372687267,1953135.355562091,다사54505300,954625,1953125,61.343129519495086
317,경복궁(정부서울청사),3호선,37.575762,126.97353,953512.1654431198,1953061.8575354307,다사53505300,953625,1953125,129.30045652754322
316,독립문,3호선,37.574571,126.957748,952117.8256258033,1952937.6475627848,다사52005275,952125,1952875,63.057027903276534
315,무악재,3호선,37.582299,126.950291,951464.3658727237,1953798.8603330615,다사51255375,951375,1953875,117.40318602651405
314,홍제,3호선,37.589066,126.943736,950890.044477731,1954553.0362320542,다사50755450,950875,1954625,73.51952262596895
313,녹번,3호선,37.600927,126.935756,950193.4279567302,1955873.167006328,다사50005575,950125,1955875,68.452502715954
312,불광,3호선,37.610553,126.92982,949675.9304775356,1956944.298855895,다사49505675,949625,1956875,86.00142423443286
311,연신내,3호선,37.619229,126.921038,948906.7615014267,1957911.6125336569,다사48755775,948875,1957875,48.469274738270585
310,구파발,3호선,37.636763,126.918821,948723.1578720004,1959858.1579763037,다사48505975,948625,1959875,99.59227679807938
309,지축,3호선,37.648033,126.913917,948298.290607472,1961111.2200563618,다사48256100,948375,1961125,77.93726803459113
250,용두(동대문구청),2호선,37.574028,127.038091,959212.0556127917,1952839.493184675,다사59005275,959125,1952875,94.01815597563376
249,신정네거리,2호선,37.520074,126.852912,942818.8419115813,1946950.0498058328,다사42754675,942875,1946875,93.73475476245487
248,양천구청,2호선,37.512398,126.865819,943953.665106738,1946090.670814558,다사43754600,943875,1946125,85.82943545902323
247,도림천,2호선,37.514287,126.882768,945452.9389209803,1946290.2837792065,다사45254625,945375,1946375,115.1143495360917
246,신설동,2호선,37.574747,127.024932,958050.4731378553,1952925.0564723758,다사58005275,958125,1952875,89.77696590908165
245,신답,2호선,37.57004,127.046481,959950.7862038361,1952393.4358351366,다사59755225,959875,1952375,77.99633779266925
244,용답,2호선,37.561904,127.050899,960336.6179818985,1951488.9153908142,다사60255125,960375,1951375,120.20771846222955
243,충정로(경기대입구),2호선,37.559704,126.964378,952693.8739023759,1951284.8676715803,다사52505125,952625,1951375,113.43478767489134
242,아현,2호선,37.557345,126.956141,951964.8621856081,1951027.3260749192,다사51755100,951875,1951125,132.7230501569346
241,이대,2호선,37.556733,126.946013,951069.9217356375,1950964.6518403972,다사51005075,951125,1950875,105.21914128040484
240,신촌,2호선,37.555131,126.936926,950266.2546181345,1950791.6870130843,다사50255075,950375,1950875,136.9912839048387
239,홍대입구,2호선,37.55679,126.923708,949099.8876307642,1950982.8207542135,다사49005075,949125,1950875,110.70657671431806
238,합정,2호선,37.549457,126.913808,948220.4040318598,1950174.667164813,다사48005000,948125,1950125,107.55815429652687
237,당산,2호선,37.534946,126.902767,947234.8937416875,1948570.8828237222,다사47004850,947125,1948625,122.49613557319643
236,영등포구청,2호선,37.525706,126.89661,946684.3451714664,1947549.225200786,다사46504750,946625,1947625,96.24795879544402
235,문래,2호선,37.517933,126.89476,946515.3286956314,1946687.902551426,다사46504650,946625,1946625,126.42992516739
234,신도림,2호선,37.508961,126.891084,946184.037665356,1945694.6044783825,다사46004550,946125,1945625,91.27009007107357
233,대림(구로구청),2호선,37.493243,126.894932,946512.9156509708,1943948.5884435456,다사46504375,946625,1943875,134.08266226762595
232,구로디지털단지,2호선,37.485266,126.901401,947079.1433385541,1943059.931703383,다사47004300,947125,1943125,79.60349630255473
231,신대방,2호선,37.487462,126.913149,948119.2871775576,1943297.025599824,다사48004325,948125,1943375,78.18339608293128
230,신림,2호선,37.484201,126.929715,949581.629979587,1942926.237261435,다사49504275,949625,1942875,67.12835190871687
229,봉천,2호선,37.482362,126.941892,950656.9869025358,1942715.7603891192,다사50504250,950625,1942625,96.23206413089916
228,서울대입구(관악구청),2호선,37.481247,126.952739,951615.2721992651,1942586.428852685,다사51504250,951625,1942625,39.77893302153279
227,낙성대,2호선,37.47693,126.963693,952581.0226086085,1942101.9129321566,다사52504200,952625,1942125,49.669141881151766
226,사당,2호선,37.476538,126.981544,954159.1372192292,1942049.5834075832,다사54004200,954125,1942125,82.78292184062077
225,방배,2호선,37.481426,126.997596,955581.326706614,1942584.1812602005,다사55504250,955625,1942625,59.778976856444494
224,서초,2호선,37.491897,127.007917,956499.9075879216,1943741.0512426498,다사56254350,956375,1943625,170.49866990962497
223,교대(법원.검찰청),2호선,37.493961,127.014667,957097.7913728454,1943966.9408633686,다사57004375,957125,1943875,95.88238497552477
222,강남,2호선,37.49799,127.027912,958270.8647785726,1944407.977971929,다사58254425,958375,1944375,109.23227990974664
221,역삼,2호선,37.500622,127.036456,959027.5345543411,1944696.2276832776,다사59004450,959125,1944625,120.71825032933364
220,선릉,2호선,37.504286,127.048203,960067.8042580071,1945097.6757868861,다사60004500,960125,1945125,63.38742402410415
219,삼성(무역센터),2호선,37.508844,127.06316,961392.1368673297,1945597.115142667,다사61254550,961375,1945625,32.72976459371028
218,종합운동장,2호선,37.511022,127.073704,962325.1134984518,1945834.4764127557,다사62254575,962375,1945875,64.27148792326462
217,잠실새내,2호선,37.511687,127.086162,963426.4473771225,1945903.338605712,다사63254575,963375,1945875,58.73592756123355
216,잠실(송파구청),2호선,37.513262,127.100159,964664.2010838662,1946072.7260995614,다사64504600,964625,1946125,65.33977076287022
215,잠실나루,2호선,37.520733,127.10379,964988.5813401191,1946900.2286727736,다사64754675,964875,1946875,116.34950259099898
214,강변(동서울터미널),2호선,37.535095,127.094681,964190.5199883515,1948497.0339507672,다사64004825,964125,1948375,138.51048340628864
213,구의(광진구청),2호선,37.537077,127.085916,963417.1068195573,1948720.2987651955,다사63254850,963375,1948625,104.18655815901114
212,건대입구,2호선,37.540373,127.069191,961941.1789464034,1949092.608664122,다사61754900,961875,1949125,73.68074095063129
211,성수,2호선,37.544581,127.055961,960774.604036832,1949564.8994062555,다사60754950,960875,1949625,117.01038752554442
210,뚝섬,2호선,37.547184,127.047367,960016.8158561931,1949857.3077979821,다사60004975,960125,1949875,109.62127067078976
209,한양대,2호선,37.555273,127.043655,959693.2722433632,1950756.3231537563,다사59505075,959625,1950875,136.9134509395944
208,왕십리(성동구청),2호선,37.561238,127.036954,959104.6625233596,1951421.0026811971,다사59005125,959125,1951375,50.29771002165147
207,상왕십리,2호선,37.564354,127.029354,958435.1723902004,1951770.040757545,다사58255175,958375,1951875,120.9841275504871
206,신당,2호선,37.56564,127.019614,957575.7140989141,1951917.0682597796,다사57505175,957625,1951875,64.79844540370256
205,동대문역사문화공원,2호선,37.565613,127.009054,956643.1082598483,1951918.892348472,다사56505175,956625,1951875,47.48102072538317
204,을지로4가,2호선,37.566595,126.997817,955651.3112721998,1952033.0840098537,다사55505200,955625,1952125,95.60769994805356
203,을지로3가,2호선,37.566306,126.991696,955110.5776122398,1952003.927179375,다사55005200,955125,1952125,121.92880366348594
202,을지로입구,2호선,37.566014,126.982618,954308.6958991546,1951975.906327157,다사54255175,954375,1951875,120.74071661720728
201,시청,2호선,37.563588,126.975411,953670.7206167493,1951710.282118761,다사53505150,953625,1951625,96.76473828980403
159,동묘앞,1호선,37.573197,127.01648,957303.2538494964,1952756.8988479567,다사57255275,957375,1952875,138.18607826423892
158,청량리(서울시립대입구),1호선,37.579956,127.044585,959788.6863459811,1953494.3758565488,다사59755325,959875,1953375,147.31137768974958
157,제기동,1호선,37.578103,127.034893,958931.8991252333,1953292.9872310723,다사58755325,958875,1953375,99.81785771848114
156,신설동,1호선,37.576048,127.024634,958024.8892239989,1953069.5290759604,다사58005300,958125,1953125,114.45169673427445
155,동대문,1호선,37.571687,127.01093,956812.2916509832,1952591.9083063924,다사56755250,956875,1952625,70.90414107962427
154,종로5가,1호선,37.570926,127.001849,956009.9340638701,1952511.6917298925,다사56005250,956125,1952625,161.48973259064957
153,종로3가,1호선,37.570406,126.991847,955126.3726209791,1952458.7298069939,다사55005225,955125,1952375,83.74105723944783
152,종각,1호선,37.570161,126.982923,954338.1630656676,1952435.847386431,다사54255225,954375,1952375,71.12920754855769
151,시청,1호선,37.565715,126.977088,953820.1396270241,1951945.4368625719,다사53755175,953875,1951875,89.28052493139924
150,서울역,1호선,37.556228,126.972135,953376.8112751662,1950895.3470009037,다사53255075,953375,1950875,20.427461014581745
